Date,Hong Kong 8:30,Hong Kong 14:00,London 09:00,New York 9:30
2017-01-03,689.0,687.0,689.0,715.0
2017-01-04,712.0,717.0,726.0,742.0
2017-01-05,745.0,749.0,741.0,746.0
2017-01-06,744.0,743.0,750.0,747.0
2017-01-09,764.0,766.0,765.0,761.0
2017-01-10,763.0,766.0,765.0,762.0
2017-01-11,764.0,767.0,770.0,752.0
2017-01-12,757.0,761.0,762.0,761.0
2017-01-13,760.0,757.0,761.0,748.0
2017-01-16,756.0,754.0,754.0,749.0
2017-01-17,749.0,749.0,753.0,760.0
2017-01-18,755.0,751.0,752.0,747.0
2017-01-19,753.0,753.0,755.0,752.0
2017-01-20,757.0,759.0,759.0,762.0
2017-01-23,794.0,800.0,794.0,784.0
2017-01-24,781.0,778.0,781.0,786.0
2017-01-25,793.0,793.0,784.0,759.0
2017-01-26,748.0,740.0,745.0,719.0
2017-01-27,729.0,725.0,720.0,727.0
2017-01-30,,,735.0,734.0
2017-01-31,,,751.0,
2017-02-01,763.0,760.0,764.0,759.0
2017-02-02,768.0,772.0,770.0,766.0
2017-02-03,762.0,757.0,755.0,746.0
2017-02-06,752.0,762.0,769.0,772.0
2017-02-07,776.0,774.0,767.0,768.0
2017-02-08,762.0,765.0,772.0,770.0
2017-02-09,772.0,775.0,778.0,779.0
2017-02-10,769.0,769.0,779.0,780.0
2017-02-13,786.0,786.0,782.0,780.0
2017-02-14,777.0,781.0,783.0,782.0
2017-02-15,785.0,785.0,785.0,782.0
2017-02-16,793.0,795.0,797.0,794.0
2017-02-17,794.0,790.0,796.0,791.0
2017-02-20,781.0,780.0,780.0,777.0
2017-02-21,775.0,775.0,772.0,769.0
2017-02-22,784.0,786.0,785.0,772.0
2017-02-23,772.0,772.0,773.0,776.0
2017-02-24,779.0,781.0,782.0,783.0
2017-02-27,773.0,775.0,778.0,783.0
2017-02-28,785.0,788.0,786.0,
2017-03-01,776.0,778.0,782.0,775.0
2017-03-02,779.0,779.0,779.0,774.0
2017-03-03,774.0,773.0,772.0,760.0
2017-03-06,780.0,779.0,777.0,772.0
2017-03-07,776.0,776.0,775.0,769.0
2017-03-08,776.0,777.0,771.0,772.0
2017-03-09,774.0,770.0,765.0,753.0
2017-03-10,750.0,749.0,751.0,753.0
2017-03-13,754.0,754.0,755.0,753.0
2017-03-14,756.0,758.0,756.0,746.0
2017-03-15,746.0,748.0,755.0,747.0
2017-03-16,770.0,775.0,770.0,774.0
2017-03-17,770.0,768.0,772.0,779.0
2017-03-20,780.0,780.0,779.0,779.0
2017-03-21,786.0,783.0,788.0,788.0
2017-03-22,790.0,786.0,791.0,793.0
2017-03-23,791.0,794.0,798.0,804.0
2017-03-24,804.0,805.0,807.0,814.0
2017-03-27,814.0,815.0,811.0,806.0
2017-03-28,793.0,795.0,796.0,790.0
2017-03-29,797.0,795.0,796.0,789.0
2017-03-30,795.0,,793.0,798.0
2017-03-31,799.0,798.0,800.0,
2017-04-03,806.0,806.0,802.0,801.0
2017-04-04,,,809.0,809.0
2017-04-05,809.0,809.0,813.0,814.0
2017-04-06,815.0,813.0,812.0,803.0
2017-04-07,810.0,813.0,811.0,805.0
2017-04-10,805.0,802.0,802.0,791.0
2017-04-11,795.0,795.0,797.0,799.0
2017-04-12,810.0,807.0,806.0,792.0
2017-04-13,806.0,806.0,810.0,803.0
2017-04-17,,,,794.0
2017-04-18,793.0,,794.0,791.0
2017-04-19,,777.0,781.0,779.0
2017-04-20,783.0,782.0,791.0,799.0
2017-04-21,807.0,804.0,806.0,801.0
2017-04-24,806.0,,806.0,797.0
2017-04-25,802.0,801.0,796.0,798.0
2017-04-26,805.0,808.0,805.0,801.0
2017-04-27,815.0,814.0,810.0,817.0
2017-04-28,821.0,821.0,823.0,
2017-05-01,,,,826.0
2017-05-02,821.0,816.0,817.0,820.0
2017-05-03,,,825.0,803.0
2017-05-04,803.0,803.0,807.0,795.0
2017-05-05,809.0,810.0,810.0,810.0
2017-05-08,820.0,820.0,819.0,819.0
2017-05-09,814.0,814.0,815.0,804.0
2017-05-10,802.0,802.0,801.0,804.0
2017-05-11,800.0,806.0,806.0,804.0
2017-05-12,808.0,811.0,812.0,809.0
2017-05-15,811.0,816.0,817.0,819.0
2017-05-16,803.0,803.0,807.0,802.0
2017-05-17,803.0,799.0,795.0,788.0
2017-05-18,786.0,787.0,785.0,767.0
2017-05-19,767.0,768.0,770.0,766.0
2017-05-22,766.0,766.0,764.0,754.0
2017-05-23,775.0,776.0,772.0,779.0
2017-05-24,778.0,778.0,778.0,763.0
2017-05-25,771.0,773.0,774.0,769.0
2017-05-26,777.0,777.0,778.0,781.0
2017-05-29,799.0,798.0,,
2017-05-30,,,799.0,801.0
2017-05-31,813.0,813.0,814.0,
2017-06-01,822.0,822.0,818.0,828.0
2017-06-02,828.0,834.0,834.0,839.0
2017-06-05,844.0,844.0,848.0,846.0
2017-06-06,847.0,849.0,850.0,853.0
2017-06-07,858.0,858.0,860.0,840.0
2017-06-08,841.0,844.0,846.0,855.0
2017-06-09,866.0,865.0,864.0,898.0
2017-06-12,896.0,911.0,907.0,898.0
2017-06-13,911.0,914.0,908.0,884.0
2017-06-14,891.0,891.0,883.0,888.0
2017-06-15,880.0,880.0,864.0,861.0
2017-06-16,879.0,881.0,878.0,869.0
2017-06-19,875.0,875.0,875.0,867.0
2017-06-20,869.0,871.0,870.0,866.0
2017-06-21,879.0,879.0,873.0,885.0
2017-06-22,895.0,895.0,889.0,892.0
2017-06-23,894.0,892.0,899.0,883.0
2017-06-26,870.0,870.0,867.0,859.0
2017-06-27,877.0,875.0,878.0,870.0
2017-06-28,867.0,868.0,865.0,865.0
2017-06-29,866.0,871.0,867.0,863.0
2017-06-30,858.0,857.0,853.0,
2017-07-03,855.0,853.0,853.0,850.0
2017-07-04,854.0,863.0,864.0,860.0
2017-07-05,863.0,862.0,863.0,845.0
2017-07-06,847.0,849.0,848.0,843.0
2017-07-07,843.0,842.0,843.0,837.0
2017-07-10,846.0,845.0,841.0,835.0
2017-07-11,850.0,848.0,849.0,842.0
2017-07-12,860.0,861.0,860.0,868.0
2017-07-13,870.0,869.0,870.0,870.0
2017-07-14,862.0,865.0,863.0,865.0
2017-07-17,864.0,864.0,863.0,864.0
2017-07-18,872.0,874.0,869.0,870.0
2017-07-19,872.0,869.0,868.0,873.0
2017-07-20,862.0,862.0,862.0,853.0
2017-07-21,853.0,855.0,852.0,853.0
2017-07-24,852.0,851.0,847.0,850.0
2017-07-25,857.0,862.0,864.0,866.0
2017-07-26,866.0,865.0,867.0,866.0
2017-07-27,875.0,877.0,885.0,882.0
2017-07-28,880.0,876.0,884.0,879.0
2017-07-31,890.0,894.0,895.0,
2017-08-01,891.0,893.0,894.0,898.0
2017-08-02,899.0,897.0,900.0,905.0
2017-08-03,902.0,900.0,896.0,898.0
2017-08-04,892.0,891.0,890.0,886.0
2017-08-07,884.0,884.0,882.0,879.0
2017-08-08,895.0,894.0,896.0,899.0
2017-08-09,903.0,902.0,897.0,899.0
2017-08-10,898.0,898.0,898.0,906.0
2017-08-11,906.0,906.0,904.0,902.0
2017-08-14,900.0,899.0,899.0,903.0
2017-08-15,899.0,899.0,901.0,889.0
2017-08-16,898.0,896.0,900.0,900.0
2017-08-17,930.0,929.0,929.0,930.0
2017-08-18,929.0,931.0,936.0,934.0
2017-08-21,928.0,931.0,935.0,934.0
2017-08-22,945.0,942.0,942.0,935.0
2017-08-23,,,935.0,937.0
2017-08-24,940.0,940.0,935.0,939.0
2017-08-25,941.0,941.0,941.0,934.0
2017-08-28,935.0,938.0,,940.0
2017-08-29,947.0,947.0,952.0,948.0
2017-08-30,949.0,951.0,952.0,934.0
2017-08-31,940.0,940.0,940.0,
2017-09-01,945.0,941.0,942.0,949.0
2017-09-04,999.0,995.0,996.0,982.0
2017-09-05,985.0,984.0,983.0,985.0
2017-09-06,971.0,971.0,971.0,954.0
2017-09-07,948.0,946.0,952.0,945.0
2017-09-08,966.0,968.0,960.0,947.0
2017-09-11,943.0,953.0,957.0,941.0
2017-09-12,945.0,947.0,945.0,945.0
2017-09-13,964.0,947.0,956.0,947.0
2017-09-14,950.0,948.0,946.0,934.0
2017-09-15,936.0,936.0,933.0,926.0
2017-09-18,935.0,943.0,941.0,933.0
2017-09-19,942.0,942.0,934.0,921.0
2017-09-20,923.0,920.0,915.0,909.0
2017-09-21,923.0,,916.0,914.0
2017-09-22,921.0,923.0,920.0,916.0
2017-09-25,930.0,932.0,927.0,920.0
2017-09-26,922.0,925.0,918.0,915.0
2017-09-27,923.0,923.0,921.0,920.0
2017-09-28,938.0,933.0,936.0,931.0
2017-09-29,943.0,944.0,942.0,
2017-10-02,,,939.0,936.0
2017-10-03,921.0,912.0,918.0,912.0
2017-10-04,929.0,930.0,924.0,922.0
2017-10-05,,,930.0,932.0
2017-10-06,947.0,946.0,947.0,947.0
2017-10-09,930.0,931.0,931.0,927.0
2017-10-10,933.0,936.0,936.0,939.0
2017-10-11,944.0,944.0,944.0,949.0
2017-10-12,968.0,964.0,966.0,980.0
2017-10-13,982.0,986.0,984.0,996.0
2017-10-16,997.0,999.0,1013.0,1005.0
2017-10-17,981.0,983.0,989.0,991.0
2017-10-18,989.0,989.0,989.0,980.0
2017-10-19,967.0,967.0,966.0,955.0
2017-10-20,967.0,969.0,971.0,977.0
2017-10-23,978.0,977.0,970.0,968.0
2017-10-24,968.0,972.0,965.0,963.0
2017-10-25,970.0,965.0,962.0,972.0
2017-10-26,971.0,972.0,972.0,970.0
2017-10-27,974.0,972.0,969.0,970.0
2017-10-30,976.0,976.0,980.0,970.0
2017-10-31,974.0,979.0,979.0,
2017-11-01,989.0,993.0,1000.0,1001.0
2017-11-02,1009.0,1009.0,1000.0,1009.0
2017-11-03,1004.0,1006.0,1002.0,1000.0
2017-11-06,1006.0,1007.0,1009.0,998.0
2017-11-07,1005.0,1005.0,1003.0,1001.0
2017-11-08,1004.0,1003.0,1005.0,1006.0
2017-11-09,1021.0,1023.0,1026.0,1018.0
2017-11-10,1020.0,1015.0,1017.0,1003.0
2017-11-13,1005.0,1006.0,1000.0,996.0
2017-11-14,1001.0,999.0,997.0,992.0
2017-11-15,997.0,995.0,987.0,984.0
2017-11-16,992.0,989.0,992.0,987.0
2017-11-17,996.0,998.0,999.0,997.0
2017-11-20,1000.0,1000.0,1002.0,999.0
2017-11-21,997.0,997.0,998.0,998.0
2017-11-22,1009.0,1008.0,1009.0,1005.0
2017-11-23,1010.0,1009.0,1009.0,1010.0
2017-11-24,1017.0,1017.0,1017.0,1007.0
2017-11-27,1007.0,1003.0,1002.0,1004.0
2017-11-28,1015.0,1013.0,1006.0,1018.0
2017-11-29,1033.0,1034.0,1030.0,1018.0
2017-11-30,1027.0,1027.0,1020.0,
2017-12-01,1018.0,1017.0,1018.0,1017.0
2017-12-04,1029.0,1028.0,1026.0,1020.0
2017-12-05,1008.0,1005.0,1004.0,994.0
2017-12-06,994.0,995.0,996.0,995.0
2017-12-07,1002.0,1003.0,1008.0,1015.0
2017-12-08,1022.0,1022.0,1024.0,1012.0
2017-12-11,1015.0,1016.0,1021.0,1010.0
2017-12-12,1016.0,1018.0,1014.0,1007.0
2017-12-13,1020.0,1019.0,1020.0,1011.0
2017-12-14,1025.0,1025.0,1025.0,1021.0
2017-12-15,1039.0,1039.0,1041.0,1030.0
2017-12-18,1030.0,1032.0,1030.0,1020.0
2017-12-19,1028.0,1028.0,1026.0,1021.0
2017-12-20,1030.0,1029.0,1037.0,1034.0
2017-12-21,1035.0,1034.0,1036.0,1037.0
2017-12-22,1043.0,1043.0,1046.0,1042.0
2017-12-26,,,,1053.0
2017-12-27,1062.0,1063.0,1071.0,
2017-12-28,1070.0,1070.0,1065.0,1065.0
2017-12-29,1073.0,1073.0,1070.0,
2018-01-02,1073.0,1078.0,1077.0,1089.0
2018-01-03,1100.0,1098.0,1095.0,1091.0
2018-01-04,1088.0,1090.0,1104.0,1104.0
2018-01-05,1106.0,1106.0,1104.0,1096.0
2018-01-08,1100.0,1101.0,1104.0,1097.0
2018-01-09,1103.0,1114.0,1110.0,1109.0
2018-01-10,1106.0,1103.0,1104.0,1099.0
2018-01-11,1096.0,1090.0,1093.0,1082.0
2018-01-12,1093.0,1096.0,1094.0,1103.0
2018-01-15,1130.0,1132.0,1139.0,1126.0
2018-01-16,1133.0,1131.0,1123.0,1107.0
2018-01-17,1104.0,1107.0,1110.0,1106.0
2018-01-18,1122.0,1120.0,1113.0,1110.0
2018-01-19,1107.0,1108.0,1118.0,1112.0
2018-01-22,1113.0,1113.0,1111.0,1095.0
2018-01-23,1106.0,1104.0,1095.0,1091.0
2018-01-24,1101.0,1101.0,1106.0,1104.0
2018-01-25,1114.0,1117.0,1113.0,1100.0
2018-01-26,1102.0,1100.0,1106.0,1090.0
2018-01-29,1098.0,1098.0,1095.0,1086.0
2018-01-30,1094.0,1088.0,1088.0,1084.0
2018-01-31,1070.0,1068.0,1066.0,
2018-02-01,1040.0,1036.0,1027.0,1037.0
2018-02-02,1045.0,1045.0,1047.0,1051.0
2018-02-05,1051.0,1046.0,1038.0,1043.0
2018-02-06,1029.0,1025.0,1033.0,1013.0
2018-02-07,1021.0,1019.0,1014.0,996.0
2018-02-08,994.0,990.0,991.0,987.0
2018-02-09,973.0,971.0,968.0,969.0
2018-02-12,971.0,989.0,992.0,985.0
2018-02-13,990.0,990.0,989.0,990.0
2018-02-14,995.0,997.0,994.0,998.0
2018-02-15,1009.0,1018.0,1026.0,1017.0
2018-02-16,,,1032.0,1034.0
2018-02-19,,,1056.0,1039.0
2018-02-20,1040.0,1038.0,1035.0,1045.0
2018-02-21,1043.0,1040.0,1032.0,1030.0
2018-02-22,1032.0,1029.0,1034.0,1035.0
2018-02-23,1051.0,1051.0,1048.0,1043.0
2018-02-26,1060.0,1064.0,1067.0,1061.0
2018-02-27,1069.0,1069.0,1068.0,1063.0
2018-02-28,1054.0,1054.0,1050.0,
2018-03-01,1049.0,1049.0,1034.0,1010.0
2018-03-02,1002.0,993.0,999.0,1000.0
2018-03-05,1003.0,1003.0,996.0,987.0
2018-03-06,996.0,996.0,989.0,993.0
2018-03-07,993.0,990.0,984.0,979.0
2018-03-08,979.0,979.0,975.0,988.0
2018-03-09,982.0,982.0,980.0,985.0
2018-03-12,1003.0,1002.0,993.0,990.0
2018-03-13,986.0,986.0,985.0,991.0
2018-03-14,998.0,1001.0,1006.0,1003.0
2018-03-15,999.0,1000.0,996.0,988.0
2018-03-16,995.0,996.0,990.0,989.0
2018-03-19,999.0,999.0,1001.0,1001.0
2018-03-20,999.0,998.0,1000.0,991.0
2018-03-21,990.0,986.0,994.0,989.0
2018-03-22,999.0,999.0,996.0,985.0
2018-03-23,995.0,995.0,990.0,986.0
2018-03-26,984.0,984.0,985.0,981.0
2018-03-27,982.0,982.0,986.0,983.0
2018-03-28,983.0,982.0,981.0,978.0
2018-03-29,978.0,979.0,977.0,970.0
2018-04-02,,,,949.0
2018-04-03,943.0,939.0,944.0,946.0
2018-04-04,942.0,936.0,936.0,923.0
2018-04-05,,,935.0,918.0
2018-04-06,918.0,911.0,910.0,909.0
2018-04-09,914.0,913.0,921.0,939.0
2018-04-10,939.0,939.0,941.0,953.0
2018-04-11,959.0,958.0,962.0,959.0
2018-04-12,970.0,968.0,964.0,956.0
2018-04-13,970.0,974.0,986.0,987.0
2018-04-16,995.0,995.0,995.0,1008.0
2018-04-17,1010.0,1011.0,1006.0,1005.0
2018-04-18,1021.0,1022.0,1025.0,1042.0
2018-04-19,1043.0,1045.0,1061.0,1034.0
2018-04-20,1038.0,1036.0,1025.0,1034.0
2018-04-23,1035.0,1037.0,1038.0,983.0
2018-04-24,989.0,990.0,974.0,971.0
2018-04-25,977.0,977.0,977.0,970.0
2018-04-26,983.0,981.0,979.0,994.0
2018-04-27,997.0,994.0,991.0,988.0
2018-04-30,985.0,983.0,976.0,
2018-05-01,,,965.0,950.0
2018-05-02,954.0,955.0,962.0,970.0
2018-05-03,970.0,974.0,979.0,975.0
2018-05-04,968.0,970.0,971.0,965.0
2018-05-07,983.0,983.0,,982.0
2018-05-08,980.0,976.0,979.0,971.0
2018-05-09,978.0,979.0,981.0,979.0
2018-05-10,981.0,984.0,984.0,997.0
2018-05-11,1004.0,1001.0,1006.0,1006.0
2018-05-14,1001.0,1001.0,1002.0,1004.0
2018-05-15,1001.0,998.0,985.0,974.0
2018-05-16,989.0,990.0,991.0,990.0
2018-05-17,993.0,989.0,991.0,990.0
2018-05-18,985.0,985.0,990.0,982.0
2018-05-21,976.0,976.0,976.0,980.0
2018-05-22,,,1004.0,1005.0
2018-05-23,999.0,998.0,994.0,976.0
2018-05-24,987.0,987.0,986.0,974.0
2018-05-25,982.0,982.0,986.0,979.0
2018-05-28,990.0,989.0,,
2018-05-29,992.0,992.0,985.0,984.0
2018-05-30,986.0,986.0,985.0,983.0
2018-05-31,994.0,995.0,993.0,
2018-06-01,994.0,992.0,996.0,993.0
2018-06-04,1010.0,1010.0,1016.0,1012.0
2018-06-05,1003.0,1000.0,998.0,986.0
2018-06-06,1000.0,1001.0,1002.0,1012.0
2018-06-07,1025.0,1020.0,1025.0,1028.0
2018-06-08,1018.0,1018.0,1020.0,1020.0
2018-06-11,1020.0,1020.0,1020.0,1026.0
2018-06-12,1027.0,1027.0,1026.0,1026.0
2018-06-13,1027.0,1027.0,1024.0,1017.0
2018-06-14,1016.0,1016.0,1020.0,1013.0
2018-06-15,1018.0,1016.0,1014.0,997.0
2018-06-18,,,995.0,994.0
2018-06-19,997.0,995.0,987.0,983.0
2018-06-20,975.0,976.0,979.0,973.0
2018-06-21,972.0,968.0,969.0,966.0
2018-06-22,962.0,960.0,963.0,958.0
2018-06-25,965.0,957.0,962.0,952.0
2018-06-26,948.0,948.0,947.0,945.0
2018-06-27,966.0,967.0,957.0,948.0
2018-06-28,959.0,959.0,955.0,947.0
2018-06-29,954.0,954.0,956.0,
2018-07-02,,,955.0,944.0
2018-07-03,949.0,948.0,953.0,955.0
2018-07-04,951.0,954.0,953.0,951.0
2018-07-05,956.0,956.0,953.0,949.0
2018-07-06,955.0,955.0,948.0,948.0
2018-07-09,959.0,963.0,966.0,967.0
2018-07-10,966.0,957.0,958.0,951.0
2018-07-11,944.0,948.0,946.0,941.0
2018-07-12,946.0,946.0,949.0,943.0
2018-07-13,956.0,954.0,948.0,944.0
2018-07-16,947.0,948.0,947.0,935.0
2018-07-17,926.0,928.0,928.0,915.0
2018-07-18,920.0,918.0,914.0,914.0
2018-07-19,918.0,914.0,908.0,889.0
2018-07-20,884.0,891.0,898.0,890.0
2018-07-23,905.0,897.0,894.0,913.0
2018-07-24,919.0,917.0,923.0,928.0
2018-07-25,922.0,924.0,922.0,934.0
2018-07-26,946.0,942.0,942.0,933.0
2018-07-27,937.0,937.0,937.0,934.0
2018-07-30,935.0,933.0,933.0,933.0
2018-07-31,938.0,936.0,933.0,
2018-08-01,939.0,938.0,934.0,925.0
2018-08-02,925.0,924.0,926.0,925.0
2018-08-03,921.0,921.0,921.0,921.0
2018-08-06,923.0,922.0,921.0,910.0
2018-08-07,912.0,914.0,916.0,922.0
2018-08-08,919.0,919.0,910.0,904.0
2018-08-09,909.0,911.0,904.0,902.0
2018-08-10,911.0,908.0,907.0,915.0
2018-08-13,915.0,909.0,906.0,908.0
2018-08-14,895.0,896.0,901.0,894.0
2018-08-15,903.0,901.0,895.0,860.0
2018-08-16,849.0,866.0,864.0,891.0
2018-08-17,895.0,896.0,910.0,902.0
2018-08-20,924.0,922.0,929.0,930.0
2018-08-21,924.0,924.0,927.0,919.0
2018-08-22,922.0,921.0,920.0,925.0
2018-08-23,930.0,928.0,924.0,920.0
2018-08-24,922.0,925.0,933.0,940.0
2018-08-27,946.0,946.0,,952.0
2018-08-28,957.0,956.0,956.0,957.0
2018-08-29,948.0,952.0,950.0,955.0
2018-08-30,968.0,962.0,975.0,981.0
2018-08-31,976.0,983.0,986.0,
2018-09-03,986.0,986.0,995.0,989.0
2018-09-04,989.0,989.0,976.0,970.0
2018-09-05,990.0,991.0,988.0,990.0
2018-09-06,984.0,983.0,982.0,981.0
2018-09-07,983.0,983.0,984.0,989.0
2018-09-10,988.0,983.0,990.0,995.0
2018-09-11,985.0,985.0,988.0,977.0
2018-09-12,983.0,983.0,982.0,983.0
2018-09-13,986.0,984.0,983.0,986.0
2018-09-14,989.0,992.0,990.0,989.0
2018-09-17,987.0,987.0,987.0,987.0
2018-09-18,991.0,993.0,999.0,1003.0
2018-09-19,1020.0,1023.0,1020.0,1030.0
2018-09-20,1042.0,1045.0,1050.0,1054.0
2018-09-21,1060.0,1060.0,1063.0,1048.0
2018-09-24,1056.0,1054.0,1060.0,1062.0
2018-09-25,,,1062.0,1070.0
2018-09-26,1070.0,1070.0,1064.0,1065.0
2018-09-27,1079.0,1079.0,1081.0,1070.0
2018-09-28,1092.0,1095.0,1095.0,
2018-10-01,,,1076.0,1055.0
2018-10-02,1068.0,1068.0,1062.0,1065.0
2018-10-03,1066.0,1066.0,1060.0,1060.0
2018-10-04,1066.0,1066.0,1062.0,1064.0
2018-10-05,1066.0,1063.0,1063.0,1066.0
2018-10-08,1082.0,1076.0,1066.0,1064.0
2018-10-09,1085.0,1086.0,1084.0,1075.0
2018-10-10,1082.0,1078.0,1082.0,1077.0
2018-10-11,1076.0,1075.0,1078.0,1083.0
2018-10-12,1086.0,1088.0,1093.0,1086.0
2018-10-15,1076.0,1078.0,1082.0,1086.0
2018-10-16,1093.0,1091.0,1092.0,1085.0
2018-10-17,,,1083.0,1080.0
2018-10-18,1080.0,1077.0,1080.0,1077.0
2018-10-19,1080.0,1088.0,1092.0,1092.0
2018-10-22,1091.0,1098.0,1095.0,1109.0
2018-10-23,1130.0,1128.0,1145.0,1143.0
2018-10-24,1150.0,1149.0,1150.0,1132.0
2018-10-25,1137.0,1127.0,1122.0,1111.0
2018-10-26,1109.0,1107.0,1108.0,1105.0
2018-10-29,1112.0,1114.0,1111.0,1120.0
2018-10-30,1102.0,1103.0,1097.0,1089.0
2018-10-31,1087.0,1089.0,1084.0,
2018-11-01,1090.0,1091.0,1092.0,1104.0
2018-11-02,1105.0,1106.0,1111.0,1118.0
2018-11-05,1125.0,1128.0,1129.0,1132.0
2018-11-06,1142.0,1139.0,1141.0,1118.0
2018-11-07,1125.0,1125.0,1129.0,1141.0
2018-11-08,1138.0,1138.0,1132.0,1125.0
2018-11-09,1133.0,1134.0,1131.0,1122.0
2018-11-12,1127.0,1126.0,1112.0,1121.0
2018-11-13,1110.0,1111.0,1112.0,1118.0
2018-11-14,1122.0,1116.0,1114.0,1124.0
2018-11-15,1136.0,1136.0,1139.0,1131.0
2018-11-16,1165.0,1165.0,1171.0,1182.0
2018-11-19,1192.0,1187.0,1190.0,1172.0
2018-11-20,1173.0,1173.0,1176.0,1152.0
2018-11-21,1152.0,1152.0,1162.0,1155.0
2018-11-22,1159.0,1158.0,1160.0,1155.0
2018-11-23,1164.0,1163.0,1153.0,1147.0
2018-11-26,1138.0,1140.0,1147.0,1149.0
2018-11-27,1155.0,1153.0,1147.0,1149.0
2018-11-28,1163.0,1165.0,1165.0,1183.0
2018-11-29,1194.0,1188.0,1187.0,1183.0
2018-11-30,1196.0,1198.0,1197.0,
2018-12-03,1199.0,1202.0,1205.0,1220.0
2018-12-04,1220.0,1225.0,1234.0,1240.0
2018-12-05,1248.0,1245.0,1262.0,1262.0
2018-12-06,1248.0,1256.0,1233.0,1229.0
2018-12-07,1228.0,1221.0,1218.0,1218.0
2018-12-10,1232.0,1235.0,1230.0,1234.0
2018-12-11,1241.0,1239.0,1247.0,1258.0
2018-12-12,1262.0,1259.0,1265.0,1264.0
2018-12-13,1276.0,1279.0,1280.0,1266.0
2018-12-14,1272.0,1266.0,1252.0,1228.0
2018-12-17,1251.0,1253.0,1255.0,1261.0
2018-12-18,1270.0,1269.0,1265.0,1264.0
2018-12-19,1260.0,1263.0,1260.0,1256.0
2018-12-20,1278.0,1276.0,1278.0,1275.0
2018-12-21,1273.0,1271.0,1265.0,1241.0
2018-12-24,1248.0,1249.0,1247.0,1238.0
2018-12-26,,,,1255.0
2018-12-27,1279.0,1281.0,1262.0,1260.0
2018-12-28,1275.0,1275.0,1274.0,1271.0
2018-12-31,1265.0,1265.0,1264.0,
2019-01-02,1277.0,1272.0,1267.0,1262.0
2019-01-03,1273.0,1273.0,1268.0,1262.0
2019-01-04,1275.0,1274.0,1275.0,1270.0
2019-01-07,1315.0,1319.0,1314.0,1302.0
2019-01-08,1315.0,1314.0,1315.0,1307.0
2019-01-09,1340.0,1345.0,1340.0,1333.0
2019-01-10,1338.0,1330.0,1329.0,1331.0
2019-01-11,1335.0,1341.0,1330.0,1333.0
2019-01-14,1325.0,1323.0,1320.0,1335.0
2019-01-15,1336.0,1334.0,1338.0,1332.0
2019-01-16,1333.0,1334.0,1336.0,1340.0
2019-01-17,1372.0,1371.0,1391.0,1392.0
2019-01-18,1412.0,1426.0,1427.0,1381.0
2019-01-21,1395.0,1395.0,1404.0,1362.0
2019-01-22,1365.0,1363.0,1355.0,1349.0
2019-01-23,1354.0,1346.0,1364.0,1348.0
2019-01-24,1361.0,1357.0,1361.0,1322.0
2019-01-25,1335.0,1331.0,1330.0,1338.0
2019-01-28,1368.0,1368.0,1358.0,1339.0
2019-01-29,1343.0,1343.0,1344.0,1339.0
2019-01-30,1356.0,1358.0,1350.0,1344.0
2019-01-31,1369.0,1371.0,1370.0,
2019-02-01,1354.0,1350.0,1356.0,1372.0
2019-02-04,1369.0,1356.0,1360.0,1365.0
2019-02-05,,,1379.0,1376.0
2019-02-06,,,1382.0,1385.0
2019-02-07,,,1377.0,1390.0
2019-02-08,1393.0,1394.0,1403.0,1393.0
2019-02-11,1413.0,1395.0,1386.0,1385.0
2019-02-12,1389.0,1397.0,1398.0,1403.0
2019-02-13,1409.0,1417.0,1416.0,1412.0
2019-02-14,1409.0,1413.0,1416.0,1405.0
2019-02-15,1425.0,1423.0,1422.0,1437.0
2019-02-18,1442.0,1454.0,1451.0,1463.0
2019-02-19,1465.0,1477.0,1494.0,1478.0
2019-02-20,1490.0,1495.0,1500.0,1498.0
2019-02-21,1502.0,1497.0,1485.0,1480.0
2019-02-22,1480.0,1482.0,1492.0,1481.0
2019-02-25,1510.0,1510.0,1520.0,1533.0
2019-02-26,1555.0,1566.0,1547.0,1546.0
2019-02-27,1570.0,1565.0,1558.0,1563.0
2019-02-28,1539.0,1542.0,1554.0,
2019-03-01,1545.0,1553.0,1542.0,1562.0
2019-03-04,1562.0,1562.0,1554.0,1546.0
2019-03-05,1538.0,1533.0,1518.0,1524.0
2019-03-06,1522.0,1515.0,1519.0,1513.0
2019-03-07,1540.0,1537.0,1553.0,1535.0
2019-03-08,1532.0,1529.0,1528.0,1517.0
2019-03-11,1517.0,1525.0,1524.0,1525.0
2019-03-12,1542.0,1541.0,1550.0,1550.0
2019-03-13,1542.0,1539.0,1550.0,1550.0
2019-03-14,1556.0,1546.0,1554.0,1553.0
2019-03-15,1557.0,1559.0,1565.0,1560.0
2019-03-18,1552.0,1555.0,1566.0,1575.0
2019-03-19,1585.0,1587.0,1605.0,1598.0
2019-03-20,1597.0,1602.0,1604.0,1602.0
2019-03-21,1608.0,1615.0,1614.0,1609.0
2019-03-22,1602.0,1602.0,1593.0,1573.0
2019-03-25,1556.0,1558.0,1550.0,1562.0
2019-03-26,1581.0,1577.0,1565.0,1552.0
2019-03-27,1554.0,1559.0,1525.0,1507.0
2019-03-28,1455.0,1446.0,1430.0,1377.0
2019-03-29,1369.0,1373.0,1400.0,
2019-04-01,1392.0,1385.0,1393.0,1400.0
2019-04-02,1433.0,1424.0,1422.0,1430.0
2019-04-03,1435.0,1441.0,1453.0,1404.0
2019-04-04,1414.0,1416.0,1417.0,1377.0
2019-04-05,,,1375.0,1357.0
2019-04-08,1380.0,1383.0,1393.0,1377.0
2019-04-09,1390.0,1382.0,1398.0,1397.0
2019-04-10,1397.0,1402.0,1395.0,1389.0
2019-04-11,1398.0,1399.0,1388.0,1383.0
2019-04-12,1377.0,1380.0,1380.0,1370.0
2019-04-15,1382.0,1379.0,1376.0,1370.0
2019-04-16,1371.0,1373.0,1372.0,1366.0
2019-04-17,1360.0,1361.0,1373.0,1376.0
2019-04-18,1404.0,1400.0,1395.0,1415.0
2019-04-22,,,,1422.0
2019-04-23,1402.0,1398.0,1385.0,1389.0
2019-04-24,1404.0,1394.0,1398.0,1415.0
2019-04-25,1426.0,1424.0,1430.0,1415.0
2019-04-26,1428.0,1428.0,1423.0,1435.0
2019-04-29,1467.0,1460.0,1466.0,1430.0
2019-04-30,1385.0,1385.0,1376.0,
2019-05-01,,,1381.0,1365.0
2019-05-02,1362.0,1345.0,1355.0,1364.0
2019-05-03,1365.0,1358.0,1363.0,1359.0
2019-05-06,1354.0,1359.0,,1350.0
2019-05-07,1355.0,1355.0,1357.0,1333.0
2019-05-08,1335.0,1341.0,1330.0,1322.0
2019-05-09,1329.0,1329.0,1329.0,1280.0
2019-05-10,1315.0,1319.0,1315.0,1316.0
2019-05-13,,,1341.0,1331.0
2019-05-14,1336.0,1336.0,1336.0,1332.0
2019-05-15,1346.0,1347.0,1336.0,1315.0
2019-05-16,1343.0,1342.0,1349.0,1339.0
2019-05-17,1345.0,1333.0,1329.0,1320.0
2019-05-20,1322.0,1326.0,1330.0,1323.0
2019-05-21,1338.0,1341.0,1343.0,1331.0
2019-05-22,1331.0,1329.0,1325.0,1311.0
2019-05-23,1323.0,1319.0,1318.0,1313.0
2019-05-24,1319.0,1326.0,1339.0,1333.0
2019-05-27,1336.0,1336.0,,
2019-05-28,1345.0,1340.0,1350.0,1343.0
2019-05-29,1354.0,1354.0,1353.0,1349.0
2019-05-30,1352.0,1342.0,1346.0,1348.0
2019-05-31,1372.0,1374.0,1374.0,
2019-06-03,1339.0,1349.0,1348.0,1341.0
2019-06-04,1336.0,1334.0,1333.0,1349.0
2019-06-05,1352.0,1347.0,1356.0,1352.0
2019-06-06,1339.0,1341.0,1348.0,1343.0
2019-06-07,,,1363.0,1360.0
2019-06-10,1370.0,1362.0,1360.0,1366.0
2019-06-11,1391.0,1386.0,1388.0,1402.0
2019-06-12,1405.0,1406.0,1399.0,1405.0
2019-06-13,1422.0,1417.0,1424.0,1439.0
2019-06-14,1452.0,1453.0,1460.0,1447.0
2019-06-17,1467.0,1459.0,1470.0,1460.0
2019-06-18,1464.0,1469.0,1488.0,1490.0
2019-06-19,1494.0,1496.0,1503.0,1507.0
2019-06-20,1510.0,1513.0,1527.0,1519.0
2019-06-21,1502.0,1493.0,1489.0,1509.0
2019-06-24,1521.0,1521.0,1522.0,1518.0
2019-06-25,1550.0,1527.0,1542.0,1536.0
2019-06-26,1530.0,1531.0,1535.0,1541.0
2019-06-27,1532.0,1532.0,1531.0,1534.0
2019-06-28,1566.0,1570.0,1547.0,
2019-07-01,,,1549.0,1548.0
2019-07-02,1555.0,1557.0,1562.0,1554.0
2019-07-03,1572.0,1570.0,1564.0,1561.0
2019-07-04,1579.0,1570.0,1570.0,1563.0
2019-07-05,1572.0,1572.0,1573.0,1572.0
2019-07-08,1574.0,1570.0,1576.0,1571.0
2019-07-09,1568.0,1567.0,1549.0,1556.0
2019-07-10,1557.0,1555.0,1556.0,1588.0
2019-07-11,1604.0,1604.0,1606.0,1570.0
2019-07-12,1568.0,1557.0,1563.0,1561.0
2019-07-15,1555.0,1560.0,1570.0,1573.0
2019-07-16,1572.0,1566.0,1562.0,1558.0
2019-07-17,1530.0,1531.0,1529.0,1548.0
2019-07-18,1546.0,1551.0,1547.0,1524.0
2019-07-19,1532.0,1539.0,1529.0,1531.0
2019-07-22,1519.0,1525.0,1515.0,1506.0
2019-07-23,1528.0,1527.0,1526.0,1527.0
2019-07-24,1530.0,1533.0,1536.0,1530.0
2019-07-25,1547.0,1551.0,1546.0,1535.0
2019-07-26,1537.0,1533.0,1539.0,1528.0
2019-07-29,1536.0,1536.0,1540.0,1526.0
2019-07-30,1560.0,1556.0,1553.0,1550.0
2019-07-31,1531.0,1533.0,1535.0,
2019-08-01,1522.0,1525.0,1517.0,1454.0
2019-08-02,1445.0,1449.0,1436.0,1400.0
2019-08-05,1414.0,1417.0,1427.0,1436.0
2019-08-06,1430.0,1443.0,1441.0,1446.0
2019-08-07,1450.0,1443.0,1449.0,1409.0
2019-08-08,1433.0,1436.0,1425.0,1426.0
2019-08-09,1434.0,1434.0,1434.0,1435.0
2019-08-12,1430.0,1434.0,1437.0,1430.0
2019-08-13,1442.0,1447.0,1446.0,1423.0
2019-08-14,1459.0,1455.0,1456.0,1434.0
2019-08-15,1437.0,1445.0,1442.0,1447.0
2019-08-16,1455.0,1455.0,1460.0,1452.0
2019-08-19,1463.0,1463.0,1464.0,1464.0
2019-08-20,1489.0,1488.0,1489.0,1494.0
2019-08-21,1495.0,1491.0,1499.0,1492.0
2019-08-22,1481.0,1473.0,1473.0,1482.0
2019-08-23,1496.0,1493.0,1498.0,1466.0
2019-08-26,1479.0,1480.0,,1478.0
2019-08-27,1484.0,1484.0,1484.0,1485.0
2019-08-28,1488.0,1486.0,1488.0,1465.0
2019-08-29,1477.0,1481.0,1490.0,1491.0
2019-08-30,1486.0,1493.0,1495.0,1540.0
2019-09-02,1549.0,1549.0,1547.0,1533.0
2019-09-03,1545.0,1545.0,1545.0,1536.0
2019-09-04,1552.0,1552.0,1552.0,1561.0
2019-09-05,1569.0,1563.0,1566.0,1567.0
2019-09-06,1567.0,1560.0,1558.0,1549.0
2019-09-09,1542.0,1546.0,1552.0,1556.0
2019-09-10,1552.0,1543.0,1550.0,1562.0
2019-09-11,1568.0,1571.0,1572.0,1582.0
2019-09-12,1586.0,1591.0,1604.0,1600.0
2019-09-13,1620.0,1619.0,1615.0,1603.0
2019-09-16,1611.0,1621.0,1633.0,1606.0
2019-09-17,1619.0,1616.0,1607.0,1596.0
2019-09-18,1604.0,1603.0,1603.0,1597.0
2019-09-19,1595.0,1599.0,1602.0,1613.0
2019-09-20,1635.0,1649.0,1650.0,1656.0
2019-09-23,1665.0,1669.0,1665.0,1657.0
2019-09-24,1673.0,1666.0,1665.0,1663.0
2019-09-25,1684.0,1679.0,1680.0,1637.0
2019-09-26,1655.0,1658.0,1657.0,1664.0
2019-09-27,1681.0,1677.0,1665.0,1671.0
2019-09-30,1703.0,1704.0,1704.0,1679.0
2019-10-01,,,1675.0,1658.0
2019-10-02,1668.0,1655.0,1648.0,1686.0
2019-10-03,1702.0,1698.0,1698.0,1664.0
2019-10-04,1665.0,1661.0,1666.0,1669.0
2019-10-07,,,1666.0,1663.0
2019-10-08,1678.0,1677.0,1660.0,1658.0
2019-10-09,1685.0,1683.0,1674.0,1689.0
2019-10-10,1689.0,1690.0,1690.0,1685.0
2019-10-11,1707.0,1710.0,1706.0,1709.0
2019-10-14,1705.0,1708.0,1710.0,1697.0
2019-10-15,1716.0,1721.0,1727.0,1741.0
2019-10-16,1743.0,1745.0,1744.0,1768.0
2019-10-17,1778.0,1789.0,1787.0,1763.0
2019-10-18,1766.0,1766.0,1768.0,1761.0
2019-10-21,1770.0,1781.0,1774.0,1772.0
2019-10-22,1770.0,1775.0,1766.0,1754.0
2019-10-23,1754.0,1762.0,1764.0,1754.0
2019-10-24,1753.0,1755.0,1757.0,1761.0
2019-10-25,1785.0,1786.0,1785.0,1785.0
2019-10-28,1779.0,1784.0,1788.0,1801.0
2019-10-29,1808.0,1808.0,1805.0,1788.0
2019-10-30,1794.0,1795.0,1800.0,1798.0
2019-10-31,1824.0,1824.0,1818.0,1807.0
2019-11-01,1804.0,1804.0,1800.0,1808.0
2019-11-04,1817.0,1819.0,1823.0,1798.0
2019-11-05,1791.0,1791.0,1787.0,1775.0
2019-11-06,1782.0,1783.0,1783.0,1804.0
2019-11-07,1799.0,1803.0,1810.0,1812.0
2019-11-08,1808.0,1806.0,1802.0,1777.0
2019-11-11,1762.0,1761.0,1754.0,1715.0
2019-11-12,1700.0,1705.0,1703.0,1712.0
2019-11-13,1710.0,1716.0,1734.0,1712.0
2019-11-14,1719.0,1730.0,1738.0,1723.0
2019-11-15,1750.0,1748.0,1741.0,1728.0
2019-11-18,1721.0,1725.0,1721.0,1726.0
2019-11-19,1741.0,1741.0,1726.0,1761.0
2019-11-20,1770.0,1771.0,1775.0,1772.0
2019-11-21,1778.0,1776.0,1768.0,1768.0
2019-11-22,1772.0,1768.0,1773.0,1764.0
2019-11-25,1788.0,1794.0,1794.0,1806.0
2019-11-26,1809.0,1814.0,1818.0,1794.0
2019-11-27,1817.0,1813.0,1813.0,1810.0
2019-11-28,1835.0,1834.0,1839.0,1841.0
2019-11-29,1852.0,1840.0,1848.0,1845.0
2019-12-02,1847.0,1849.0,1848.0,1858.0
2019-12-03,1862.0,1855.0,1866.0,1852.0
2019-12-04,1863.0,1863.0,1871.0,1859.0
2019-12-05,1879.0,1879.0,1871.0,1859.0
2019-12-06,1879.0,1879.0,1877.0,1879.0
2019-12-09,1882.0,1884.0,1884.0,1894.0
2019-12-10,1894.0,1894.0,1898.0,1901.0
2019-12-11,1904.0,1907.0,1907.0,1914.0
2019-12-12,1922.0,1928.0,1930.0,1947.0
2019-12-13,1960.0,1970.0,1987.0,1976.0
2019-12-16,1951.0,1952.0,1969.0,1965.0
2019-12-17,1988.0,2003.0,2003.0,1946.0
2019-12-18,1953.0,1953.0,1962.0,1951.0
2019-12-19,1935.0,1930.0,1936.0,1930.0
2019-12-20,1948.0,1951.0,1953.0,1937.0
2019-12-23,1856.0,1858.0,1884.0,1857.0
2019-12-24,1880.0,1889.0,1885.0,1876.0
2019-12-26,,,,1898.0
2019-12-27,1916.0,1916.0,1917.0,1905.0
2019-12-30,1920.0,1915.0,1915.0,1909.0
2019-12-31,1920.0,1920.0,1926.0,1930.0
