,Open,High,Low,Close,Volume,Date,Day,Year
0,3542.0,3587.0,3523.5,3534.0,1984784,2017-01-03,3,2017
1,3540.0,3569.0,3512.5,3538.5,1519299,2017-01-04,4,2017
2,3528.0,3551.0,3510.3799,3540.5,1455388,2017-01-05,5,2017
3,3509.0,3548.5,3502.5,3538.5,1584777,2017-01-06,6,2017
4,3550.5,3625.0,3534.0,3616.5,1426280,2017-01-09,9,2017
5,3606.5,3620.0,3574.5,3592.5,1941112,2017-01-10,10,2017
6,3581.5,3757.0,3552.0,3626.5,4457187,2017-01-11,11,2017
7,3635.0,3724.05,3570.5,3601.5,2668060,2017-01-12,12,2017
8,3613.0,3619.5,3581.5,3590.0,2359628,2017-01-13,13,2017
9,3612.0,3644.0,3604.6101,3635.0,1855060,2017-01-16,16,2017
10,3640.5,3663.5,3524.0,3543.0,3441216,2017-01-17,17,2017
11,3565.0,3587.0,3553.5,3569.0,1811982,2017-01-18,18,2017
12,3574.0,3582.5,3535.0,3557.5,1694483,2017-01-19,19,2017
13,3567.0,3611.0,3553.98,3601.0,2302774,2017-01-20,20,2017
14,3583.0,3593.0,3555.49,3581.5,1567402,2017-01-23,23,2017
15,3601.5,3642.75,3569.5,3642.0,2466008,2017-01-24,24,2017
16,3674.5,3686.0,3652.5,3660.0,2076167,2017-01-25,25,2017
17,3670.5,3699.0,3651.5,3699.0,2130033,2017-01-26,26,2017
18,3712.0,3724.5,3670.1101,3716.5,2288056,2017-01-27,27,2017
19,3699.5,3700.5,3656.5,3694.5,3277981,2017-01-30,30,2017
20,3728.5,3736.5,3673.1699,3673.5,2501260,2017-01-31,31,2017
21,3690.0,3743.5,3662.0,3663.0,2524274,2017-02-01,32,2017
22,3655.5,3695.5,3623.0,3681.5,2661519,2017-02-02,33,2017
23,3697.5,3753.5,3692.0,3737.5,2454390,2017-02-03,34,2017
24,3733.0,3774.5,3717.0,3717.0,1884801,2017-02-06,37,2017
25,3723.0,3762.0,3707.0,3744.0,2263414,2017-02-07,38,2017
26,3735.5,3813.5,3715.5,3799.5,3099798,2017-02-08,39,2017
27,3794.5,3828.5,3774.0,3794.5,2445401,2017-02-09,40,2017
28,3805.0,3820.5,3758.0,3770.0,3342802,2017-02-10,41,2017
29,3759.0,3776.5,3746.5,3753.5,1333809,2017-02-13,44,2017
30,3749.5,3761.0,3709.5,3719.5,1473696,2017-02-14,45,2017
31,3731.0,3731.0,3681.0,3700.0,4750017,2017-02-15,46,2017
32,3647.5,3679.23,3605.5,3665.0,2184076,2017-02-16,47,2017
33,3669.0,3787.0,3651.6399,3781.0,3724635,2017-02-17,48,2017
34,3762.5,3765.4099,3701.0,3737.0,1748694,2017-02-20,51,2017
35,3724.0,3763.5,3719.0,3754.0,1788785,2017-02-21,52,2017
36,3778.5,3831.0,3759.0,3784.5,3165139,2017-02-22,53,2017
37,3803.5,3853.5,3773.5,3841.0,2828815,2017-02-23,54,2017
38,3839.5,3843.0,3814.5,3836.5,2604750,2017-02-24,55,2017
39,3852.5,3857.0,3801.5,3812.5,3724889,2017-02-27,58,2017
40,3817.0,3826.5,3789.5,3793.0,2871871,2017-02-28,59,2017
41,3860.0,3860.0,3812.5,3836.5,2014971,2017-03-01,60,2017
42,3824.0,3841.0,3809.0,3838.5,2289574,2017-03-02,61,2017
43,3839.0,3839.0,3801.55,3813.5,1197904,2017-03-03,62,2017
44,3819.0,3823.5,3791.5,3812.0,2604649,2017-03-06,65,2017
45,3825.0,3839.0,3804.5,3830.0,2304434,2017-03-07,66,2017
46,3829.5,3836.3501,3796.0,3810.0,3858979,2017-03-08,67,2017
47,3821.0,3823.0,3789.0,3821.0,2505063,2017-03-09,68,2017
48,3833.0,3856.5,3810.5,3847.5,2153279,2017-03-10,69,2017
49,3848.0,3863.0,3827.0,3859.5,1158086,2017-03-13,72,2017
50,3851.5,3882.0,3851.5,3879.5,1200050,2017-03-14,73,2017
51,3874.5,3886.0,3830.0,3859.0,2408414,2017-03-15,74,2017
52,3871.5,3895.0,3856.5,3874.5,1901404,2017-03-16,75,2017
53,3869.0,3906.0,3856.0,3906.0,3793373,2017-03-17,76,2017
54,3891.5,3902.0,3881.5,3888.0,1380191,2017-03-20,79,2017
55,3905.5,3905.5,3867.0,3876.0,2450200,2017-03-21,80,2017
56,3872.0,3885.5,3827.0,3827.0,2393125,2017-03-22,81,2017
57,3825.0,3846.3,3792.0,3799.5,3262950,2017-03-23,82,2017
58,3803.0,3831.8999,3795.0,3815.0,2013450,2017-03-24,83,2017
59,3801.0,3832.0,3799.5,3820.0,1310902,2017-03-27,86,2017
60,3819.5,3830.0,3805.0,3827.0,2068291,2017-03-28,87,2017
61,3829.0,3837.5,3796.0,3825.5,1562390,2017-03-29,88,2017
62,3859.5,3867.02,3796.8799,3841.5,2624171,2017-03-30,89,2017
63,3876.5,3899.0,3838.6599,3867.0,4056891,2017-03-31,90,2017
64,3878.5,3897.0,3866.5,3866.5,1927684,2017-04-03,93,2017
65,3858.5,3882.5,3849.0,3856.0,1420974,2017-04-04,94,2017
66,3861.0,3894.0,3849.5,3878.0,1661945,2017-04-05,95,2017
67,3862.0,3895.0,3843.0,3884.0,2190550,2017-04-06,96,2017
68,3887.5,3923.0,3865.5,3913.5,1810012,2017-04-07,97,2017
69,3916.5,3916.5,3872.5,3892.0,1586911,2017-04-10,100,2017
70,3887.5,3926.0,3878.5,3921.5,1503226,2017-04-11,101,2017
71,3919.5,3939.5,3895.0,3918.5,1390979,2017-04-12,102,2017
72,3917.5,3944.5,3892.0,3933.5,1501423,2017-04-13,103,2017
73,3956.0,3956.5,3818.5,3818.5,2337583,2017-04-18,108,2017
74,3816.0,3824.0,3746.0,3758.5,2755148,2017-04-19,109,2017
75,3766.5,3780.0,3744.5,3753.0,2317296,2017-04-20,110,2017
76,3758.0,3770.0,3721.0,3745.0,1731996,2017-04-21,111,2017
77,3778.5,3843.5,3763.0,3836.0,1430566,2017-04-24,114,2017
78,3832.5,3843.0,3817.0,3817.0,1577161,2017-04-25,115,2017
79,3818.5,3859.0,3812.0,3848.0,1921779,2017-04-26,116,2017
80,3842.5,3845.5,3816.0,3820.0,1426201,2017-04-27,117,2017
81,3815.0,3828.5,3766.5,3782.0,2045835,2017-04-28,118,2017
82,3774.5,3791.0,3748.5,3763.0,2348568,2017-05-02,122,2017
83,3750.0,3791.5,3700.5701,3701.5,2558366,2017-05-03,123,2017
84,3692.5,3696.5,3597.0,3629.5,4973515,2017-05-04,124,2017
85,3630.0,3651.0,3609.0,3627.0,2396545,2017-05-05,125,2017
86,3632.5,3675.5,3617.0,3656.5,1411493,2017-05-08,128,2017
87,3656.5,3716.0,3656.0,3698.5,2233246,2017-05-09,129,2017
88,3699.0,3739.0,3670.5,3700.0,1957588,2017-05-10,130,2017
89,3704.0,3713.0,3676.0,3687.5,2106421,2017-05-11,131,2017
90,3703.5,3722.0,3671.5,3717.0,1262457,2017-05-12,132,2017
91,3719.0,3719.5,3655.0,3662.5,2784789,2017-05-15,135,2017
92,3668.0,3709.5,3655.0,3705.0,2050854,2017-05-16,136,2017
93,3703.0,3728.1201,3682.5,3714.0,1548840,2017-05-17,137,2017
94,3697.5,3720.0,3633.0,3644.0,1511774,2017-05-18,138,2017
95,3660.0,3699.8501,3647.5,3670.0,1590307,2017-05-19,139,2017
96,3685.0,3712.1201,3668.0,3700.0,1163585,2017-05-22,142,2017
97,3698.0,3707.0,3643.5,3649.5,2306230,2017-05-23,143,2017
98,3655.0,3657.5,3639.53,3646.5,1601379,2017-05-24,144,2017
99,3669.0,3669.0,3625.5,3657.5,1455144,2017-05-25,145,2017
100,3660.0,3693.0,3648.0,3680.5,1206410,2017-05-26,146,2017
101,3650.0,3658.0,3600.0,3607.5,2661273,2017-05-30,150,2017
102,3612.0,3650.5,3607.51,3629.0,2932210,2017-05-31,151,2017
103,3648.5,3678.0,3641.5,3654.5,1637525,2017-06-01,152,2017
104,3683.5,3684.0,3644.0,3649.0,1257876,2017-06-02,153,2017
105,3652.0,3662.8999,3624.0,3641.0,874617,2017-06-05,156,2017
106,3635.0,3663.0,3620.0,3661.0,1325486,2017-06-06,157,2017
107,3669.5,3690.0,3626.5,3626.5,1906744,2017-06-07,158,2017
108,3643.5,3643.5,3547.0,3547.0,2027233,2017-06-08,159,2017
109,3600.0,3615.5,3555.5,3562.5,1740001,2017-06-09,160,2017
110,3548.5,3602.1699,3528.0,3589.0,1596042,2017-06-12,163,2017
111,3600.0,3600.0,3517.5,3560.0,2263591,2017-06-13,164,2017
112,3558.5,3605.0,3544.5,3583.0,2651528,2017-06-14,165,2017
113,3582.5,3585.0,3528.5,3555.5,1647059,2017-06-15,166,2017
114,3559.0,3572.0,3545.5,3550.0,4667628,2017-06-16,167,2017
115,3584.0,3590.0,3560.5,3583.0,60883,2017-06-19,170,2017
116,3600.0,3606.5,3562.5,3571.0,73956,2017-06-20,171,2017
117,3570.0,3579.5,3526.0,3547.0,244652,2017-06-21,172,2017
118,3590.0,3590.0,3558.0,3583.5,764465,2017-06-22,173,2017
119,3580.5,3586.6699,3565.0,3575.0,106564,2017-06-23,174,2017
120,3600.0,3604.5,3589.3301,3596.05,958623,2017-06-26,177,2017
121,3590.0,3593.1699,3565.0,3577.5,546359,2017-06-27,178,2017
122,3578.0,3592.0,3527.0,3530.0,271595,2017-06-28,179,2017
123,3536.0,3548.5,3471.0,3499.0,436630,2017-06-29,180,2017
124,3515.5,3525.0,3444.5,3448.5,815308,2017-06-30,181,2017
125,3450.0,3471.0,3435.0,3458.5,2953932,2017-07-03,184,2017
126,3450.0,3467.0,3422.0,3447.5,1652668,2017-07-04,185,2017
127,3441.0,3452.5,3421.5,3436.5,1419200,2017-07-05,186,2017
128,3436.5,3442.0,3395.0,3423.0,1874001,2017-07-06,187,2017
129,3431.5,3472.0,3411.0,3454.5,1703385,2017-07-07,188,2017
130,3468.5,3471.0,3425.5,3435.0,1283832,2017-07-10,191,2017
131,3435.0,3435.0,3435.0,3435.0,0,2017-07-11,192,2017
132,3412.5,3469.0,3410.0,3467.0,2472170,2017-07-12,193,2017
133,3487.0,3496.5,3460.0,3480.5,2667149,2017-07-13,194,2017
134,3512.0,3528.0,3465.0,3499.5,2487393,2017-07-14,195,2017
135,3511.5,3524.5,3438.5,3442.5,1568359,2017-07-17,198,2017
136,3443.0,3443.0,3405.0,3426.0,1830408,2017-07-18,199,2017
137,3431.5,3451.5,3419.0,3445.0,1497448,2017-07-19,200,2017
138,3451.0,3514.0,3449.5,3511.5,2030537,2017-07-20,201,2017
139,3510.5,3529.0,3482.5,3497.0,1830996,2017-07-21,202,2017
140,3505.0,3505.0,3441.0,3458.0,2826186,2017-07-24,205,2017
141,3457.0,3487.5,3441.0,3441.0,1467677,2017-07-25,206,2017
142,3444.5,3468.0,3423.5,3429.0,2091024,2017-07-26,207,2017
143,3429.0,3475.8301,3411.5,3446.0,2627719,2017-07-27,208,2017
144,3436.5,3448.5,3118.0,3315.5,7218602,2017-07-28,209,2017
145,3282.5,3298.0,3112.5,3120.0,8284674,2017-07-31,212,2017
146,3120.0,3222.1399,3115.5,3203.0,4548121,2017-08-01,213,2017
147,3197.5,3221.0,3118.73,3205.0,2135722,2017-08-02,214,2017
148,3206.5,3305.5,3206.5,3305.5,3630592,2017-08-03,215,2017
149,3305.5,3342.5,3294.9399,3308.0,1727519,2017-08-04,216,2017
150,3305.0,3319.0,3248.5,3267.5,1445621,2017-08-07,219,2017
151,3275.0,3276.0,3248.5,3257.5,1424435,2017-08-08,220,2017
152,3237.0,3266.0,3228.5,3255.5,1986907,2017-08-09,221,2017
153,3245.0,3260.6699,3200.0,3214.0,1789121,2017-08-10,222,2017
154,3204.5,3220.5,3167.0,3171.0,1848404,2017-08-11,223,2017
155,3181.0,3181.0,3137.0,3154.5,1954075,2017-08-14,226,2017
156,3172.0,3225.5,3156.3301,3221.5,1535438,2017-08-15,227,2017
157,3233.5,3255.0,3220.5,3226.5,2522396,2017-08-16,228,2017
158,3198.5,3257.5,3190.0,3225.0,2022337,2017-08-17,229,2017
159,3210.0,3210.5,3162.5,3169.5,1791173,2017-08-18,230,2017
160,3180.0,3214.8501,3146.5,3195.0,1420455,2017-08-21,233,2017
161,3212.5,3217.0,3160.5,3197.0,1914227,2017-08-22,234,2017
162,3190.5,3222.0,3170.23,3198.0,1438136,2017-08-23,235,2017
163,3213.0,3258.0,3190.02,3233.5,1926179,2017-08-24,236,2017
164,3227.5,3268.0,3218.0,3242.0,1857511,2017-08-25,237,2017
165,3191.5,3218.5,3175.0,3192.0,1612355,2017-08-29,241,2017
166,3207.0,3228.0,3179.5,3188.5,1471581,2017-08-30,242,2017
167,3201.0,3218.0,3189.5,3200.5,1756969,2017-08-31,243,2017
168,3200.0,3238.5,3180.51,3231.0,1312558,2017-09-01,244,2017
169,3228.5,3235.0,3199.5,3213.0,772674,2017-09-04,247,2017
170,3209.0,3246.1899,3193.5,3200.0,919702,2017-09-05,248,2017
171,3198.5,3210.0,3177.0,3210.0,1446946,2017-09-06,249,2017
172,3300.0,3329.8601,3274.48,3300.0,3335812,2017-09-07,250,2017
173,3300.5,3316.0,3280.5,3315.0,2333394,2017-09-08,251,2017
174,3331.5,3350.0,3297.77,3327.0,2119443,2017-09-11,254,2017
175,3330.0,3349.0701,3295.5,3322.5,3266538,2017-09-12,255,2017
176,3328.0,3335.0,3281.0,3318.0,2177645,2017-09-13,256,2017
177,3323.5,3324.5,3245.3301,3260.5,3137018,2017-09-14,257,2017
178,3256.5,3352.0,3239.5,3327.5,5090305,2017-09-15,258,2017
179,3334.0,3338.5,3247.5,3266.0,2744503,2017-09-18,261,2017
180,3253.5,3319.5,3238.0,3271.0,2615837,2017-09-19,262,2017
181,3275.5,3295.5,3248.0,3258.5,1709192,2017-09-20,263,2017
182,3255.0,3259.5,3198.0,3214.5,1874939,2017-09-21,264,2017
183,3230.0,3248.0,3210.5,3227.5,1631338,2017-09-22,265,2017
184,3220.0,3252.0,3194.5,3226.0,1989132,2017-09-25,268,2017
185,3215.5,3297.1399,3201.3301,3274.5,3545420,2017-09-26,269,2017
186,3267.5,3330.5,3243.0,3305.0,3493736,2017-09-27,270,2017
187,3300.0,3300.0,3148.6001,3172.0,5102177,2017-09-28,271,2017
188,3172.5,3196.5,3156.5,3184.0,3182290,2017-09-29,272,2017
189,3177.5,3179.0,3142.5,3166.0,2905126,2017-10-02,275,2017
190,3163.5,3186.0,3142.0,3158.0,3467860,2017-10-03,276,2017
191,3158.0,3162.5,3128.0,3132.0,2967429,2017-10-04,277,2017
192,3138.0,3155.1699,3119.5,3128.5,2218560,2017-10-05,278,2017
193,3136.5,3168.5,3124.0,3134.5,2071405,2017-10-06,279,2017
194,3124.5,3145.0,3120.0,3135.0,2053176,2017-10-09,282,2017
195,3136.0,3178.5,3118.5,3170.0,2001145,2017-10-10,283,2017
196,3172.0,3180.0,3137.0,3154.0,1949362,2017-10-11,284,2017
197,3159.5,3170.5,3134.0,3165.0,2983091,2017-10-12,285,2017
198,3152.5,3170.5,3137.5,3144.5,1538595,2017-10-13,286,2017
199,3148.5,3148.6799,3126.0,3129.5,1471143,2017-10-16,289,2017
200,3138.0,3166.0,3125.0,3145.0,1827749,2017-10-17,290,2017
201,3152.5,3175.0,3138.0,3166.0,1299170,2017-10-18,291,2017
202,3160.0,3173.0,3128.5,3147.0,2571497,2017-10-19,292,2017
203,3159.5,3160.0,3136.0,3140.0,1591297,2017-10-20,293,2017
204,3157.5,3198.0,3138.5,3153.5,1300743,2017-10-23,296,2017
205,3152.5,3159.3501,3103.0,3128.5,2391512,2017-10-24,297,2017
206,3126.0,3150.0,3119.5,3124.0,1959210,2017-10-25,298,2017
207,3134.5,3152.5,3120.5,3148.5,1552387,2017-10-26,299,2017
208,3147.0,3193.0,3147.0,3176.0,2807205,2017-10-27,300,2017
209,3165.5,3185.5,3135.5,3140.5,2067776,2017-10-30,303,2017
210,3133.0,3146.8701,3060.5,3070.5,2486792,2017-10-31,304,2017
211,3076.0,3101.5,3065.0,3073.5,2826614,2017-11-01,305,2017
212,3065.5,3100.1399,3045.0,3070.0,1954148,2017-11-02,306,2017
213,3069.0,3094.0,3019.0,3038.0,2622295,2017-11-03,307,2017
214,3040.0,3105.5,3030.5,3085.0,2305392,2017-11-06,310,2017
215,3088.5,3174.5,3088.5,3100.0,3980509,2017-11-07,311,2017
216,3123.5,3204.5,3121.5,3162.5,4562245,2017-11-08,312,2017
217,3152.5,3173.5,3123.5,3154.0,3799061,2017-11-09,313,2017
218,3169.0,3198.5,3160.0,3181.5,3272410,2017-11-10,314,2017
219,3189.5,3196.5,3109.5,3125.0,3143791,2017-11-13,317,2017
220,3130.0,3138.0,3074.0,3092.0,2679194,2017-11-14,318,2017
221,3089.5,3126.5,3081.0,3081.0,1788197,2017-11-15,319,2017
222,3029.5,3104.01,3020.0,3061.0,1671767,2017-11-16,320,2017
223,3065.5,3101.51,3027.0,3049.0,1397219,2017-11-17,321,2017
224,3028.5,3048.0,3019.0,3027.0,1143919,2017-11-20,324,2017
225,3031.5,3156.0,3019.0,3130.0,5415421,2017-11-21,325,2017
226,3122.0,3174.5,3100.0,3135.0,2842080,2017-11-22,326,2017
227,3131.5,3140.5,3112.0,3140.5,1553302,2017-11-23,327,2017
228,3144.5,3160.5,3117.5,3131.5,2364202,2017-11-24,328,2017
229,3130.0,3163.5,3119.5,3137.0,1882383,2017-11-27,331,2017
230,3128.0,3157.0,3113.0,3137.0,2732687,2017-11-28,332,2017
231,3090.0,3108.0,3031.5,3046.0,5085528,2017-11-29,333,2017
232,3040.0,3128.5,3036.5,3064.5,4936078,2017-11-30,334,2017
233,3060.5,3092.0,3055.5,3072.0,2903874,2017-12-01,335,2017
234,3089.5,3091.5,3043.0,3055.5,2279699,2017-12-04,338,2017
235,3051.5,3096.0,3029.0,3035.0,2278303,2017-12-05,339,2017
236,3025.5,3102.0,3013.0,3086.0,1896072,2017-12-06,340,2017
237,3086.5,3103.0,3069.5,3079.0,1864171,2017-12-07,341,2017
238,3078.0,3091.5,3048.5,3083.5,1391026,2017-12-08,342,2017
239,3061.5,3085.0,3055.0,3072.5,1834917,2017-12-11,345,2017
240,3069.0,3106.0,3048.5,3104.0,2127216,2017-12-12,346,2017
241,3089.0,3102.5,3065.0,3100.8101,2287326,2017-12-13,347,2017
242,3059.5,3085.0,3033.5,3050.0,2471442,2017-12-14,348,2017
243,3051.0,3085.0,3040.0,3085.0,3614306,2017-12-15,349,2017
244,3094.5,3138.0,3083.5,3100.0,2120825,2017-12-18,352,2017
245,3104.5,3156.0,3102.0,3143.0,2339027,2017-12-19,353,2017
246,3146.5,3146.5,3124.0,3136.0,1669069,2017-12-20,354,2017
247,3116.0,3160.0,3100.0,3148.0,1388796,2017-12-21,355,2017
248,3136.0,3179.5,3115.5,3129.0,611735,2017-12-22,356,2017
249,3090.5,3129.0,3090.5,3125.0,1193655,2017-12-27,361,2017
250,3131.5,3156.0,3116.0,3133.5,963358,2017-12-28,362,2017
251,3131.0,3182.5,3121.0,3166.0,1521706,2017-12-29,363,2017
252,3172.0,3183.5,3150.0,3156.0,1103153,2018-01-02,2,2018
253,3169.5,3178.0,3107.0,3142.5,1466150,2018-01-03,3,2018
254,3151.0,3164.0,3117.0,3129.5,1718828,2018-01-04,4,2018
255,3134.0,3176.0,3122.0,3170.0,1996633,2018-01-05,5,2018
256,3176.0,3180.0,3152.5,3165.0,2137617,2018-01-08,8,2018
257,3177.0,3184.5,3154.5,3173.0,2494484,2018-01-09,9,2018
258,3173.0,3178.0,3121.5,3133.5,2592123,2018-01-10,10,2018
259,3142.5,3182.5,3140.5,3176.5,2324434,2018-01-11,11,2018
260,3188.0,3193.5,3158.0,3160.0,7455775,2018-01-12,12,2018
261,3168.0,3174.5,3131.5,3146.5,2054619,2018-01-15,15,2018
262,3160.0,3170.0,3111.5,3133.5,1811007,2018-01-16,16,2018
263,3099.5,3109.0,3052.0,3072.5,3792500,2018-01-17,17,2018
264,3084.0,3084.0,2986.5,3017.5,3806319,2018-01-18,18,2018
265,3030.0,3049.0,3003.0,3016.0,3763011,2018-01-19,19,2018
266,3011.5,3022.0,2968.0,2974.5,3264469,2018-01-22,22,2018
267,2992.5,3011.0,2968.5,2981.0,2632382,2018-01-23,23,2018
268,2984.5,2987.0,2920.0,2920.0,3738392,2018-01-24,24,2018
269,2918.5,2925.0,2856.5,2864.0,3331139,2018-01-25,25,2018
270,2859.5,2919.5,2855.0,2915.0,4608855,2018-01-26,26,2018
271,2920.5,2925.5,2894.0,2915.0,3069020,2018-01-29,29,2018
272,2907.5,2932.0,2896.0,2897.5,2402000,2018-01-30,30,2018
273,2908.5,2924.0,2892.0,2898.5,4787768,2018-01-31,31,2018
274,2912.5,2938.0,2883.5,2893.0,2254941,2018-02-01,32,2018
275,2888.5,2908.0,2858.0,2858.0,2075788,2018-02-02,33,2018
276,2852.0,2861.0,2799.5,2799.5,3099137,2018-02-05,36,2018
277,2731.0,2795.0,2673.5,2729.5,4604490,2018-02-06,37,2018
278,2750.5,2768.5,2708.5,2760.0,4961473,2018-02-07,38,2018
279,2730.5,2734.5,2669.0,2684.0,4097467,2018-02-08,39,2018
280,2667.5,2673.0,2593.5,2637.5,4605365,2018-02-09,40,2018
281,2650.0,2691.0,2635.0,2661.5,3127065,2018-02-12,43,2018
282,2636.5,2651.5,2594.0,2600.5,2926460,2018-02-13,44,2018
283,2623.5,2665.0,2606.5,2624.0,3168339,2018-02-14,45,2018
284,2631.0,2639.0,2615.0,2634.0,4488096,2018-02-15,46,2018
285,2650.0,2681.5,2640.0,2657.5,2402616,2018-02-16,47,2018
286,2656.0,2696.0,2639.5,2668.0,2152469,2018-02-19,50,2018
287,2669.5,2689.0,2659.5,2675.5,2273093,2018-02-20,51,2018
288,2675.0,2691.0,2654.5,2666.0,3548073,2018-02-21,52,2018
289,2589.0,2616.0,2569.0,2609.5,2909645,2018-02-22,53,2018
290,2614.0,2623.5,2582.5,2614.5,2572387,2018-02-23,54,2018
291,2622.5,2659.0,2619.0,2634.5,2188297,2018-02-26,57,2018
292,2640.5,2658.5,2606.0,2606.0,2467260,2018-02-27,58,2018
293,2595.0,2639.0,2590.0,2619.0,3767027,2018-02-28,59,2018
294,2618.5,2626.0,2588.0,2603.5,2672955,2018-03-01,60,2018
295,2590.0,2609.5,2572.0,2584.0,2527831,2018-03-02,61,2018
296,2589.5,2599.5,2570.5,2580.5,2011244,2018-03-05,64,2018
297,2596.0,2613.0,2570.0,2576.0,3213434,2018-03-06,65,2018
298,2564.5,2603.0,2564.0,2583.0,1477117,2018-03-07,66,2018
299,2575.0,2607.0,2553.0,2595.5,3446402,2018-03-08,67,2018
300,2584.0,2615.0,2580.0,2592.0,1646410,2018-03-09,68,2018
301,2605.5,2607.0,2548.5,2553.0,3412943,2018-03-12,71,2018
302,2547.5,2547.5,2488.0,2494.0,3245777,2018-03-13,72,2018
303,2487.0,2530.5,2483.0,2521.5,2820606,2018-03-14,73,2018
304,2496.0,2531.0,2447.0,2479.0,3749925,2018-03-15,74,2018
305,2467.0,2512.0,2454.5,2454.5,4913027,2018-03-16,75,2018
306,2452.5,2464.5,2405.5,2414.0,2290713,2018-03-19,78,2018
307,2420.5,2437.5,2372.5,2372.5,3490993,2018-03-20,79,2018
308,2374.0,2375.5,2327.0,2328.5,3620344,2018-03-21,80,2018
309,2318.0,2362.5,2301.0,2360.0,4975869,2018-03-22,81,2018
310,2350.0,2413.5,2349.5,2374.0,3471449,2018-03-23,82,2018
311,2379.5,2392.0,2318.5,2325.0,2857573,2018-03-26,85,2018
312,2351.5,2369.5,2336.0,2340.0,1980730,2018-03-27,86,2018
313,2340.0,2407.0,2329.5,2407.0,4204220,2018-03-28,87,2018
314,2415.5,2458.5,2405.5,2426.0,3815131,2018-03-29,88,2018
315,2398.0,2457.0,2386.5,2443.5,2666663,2018-04-03,93,2018
316,2449.0,2511.5,2433.5,2506.0,3699573,2018-04-04,94,2018
317,2537.0,2550.0,2490.0,2529.5,5632351,2018-04-05,95,2018
318,2528.0,2559.0,2527.0,2554.5,2349796,2018-04-06,96,2018
319,2559.5,2564.0,2518.5,2537.0,3600042,2018-04-09,99,2018
320,2547.0,2559.5,2515.5,2524.5,2442825,2018-04-10,100,2018
321,2511.5,2519.5,2484.5,2488.5,2650958,2018-04-11,101,2018
322,2478.5,2486.5,2459.5,2466.5,1825144,2018-04-12,102,2018
323,2471.5,2471.5,2447.0,2463.0,2090427,2018-04-13,103,2018
324,2463.5,2471.5,2410.0,2440.0,4464732,2018-04-16,106,2018
325,2439.0,2442.0,2405.5,2408.5,2154815,2018-04-17,107,2018
326,2407.5,2459.0,2400.5,2425.0,3316849,2018-04-18,108,2018
327,2441.0,2442.5,2298.0,2355.0,4071254,2018-04-19,109,2018
328,2373.0,2408.5,2366.0,2402.5,3020070,2018-04-20,110,2018
329,2396.5,2440.0,2391.5,2395.5,3178986,2018-04-23,113,2018
330,2391.5,2402.5,2362.5,2388.5,2957387,2018-04-24,114,2018
331,2379.5,2483.5,2376.0,2472.0,4508377,2018-04-25,115,2018
332,2477.5,2558.0,2474.0,2541.0,5061322,2018-04-26,116,2018
333,2550.0,2619.0,2546.5,2614.5,3545457,2018-04-27,117,2018
334,2620.0,2630.0,2591.5,2604.5,3043781,2018-04-30,120,2018
335,2616.0,2628.0,2582.5,2614.0,2240563,2018-05-01,121,2018
336,2613.0,2643.5,2607.0,2612.0,2660186,2018-05-02,122,2018
337,2603.5,2611.0,2581.5,2595.0,1973875,2018-05-03,123,2018
338,2604.0,2632.0,2593.0,2600.0,3524698,2018-05-04,124,2018
339,2615.0,2649.5,2604.0,2618.5,4112264,2018-05-08,128,2018
340,2701.0,2802.5,2667.0,2780.0,6346254,2018-05-09,129,2018
341,2800.0,2807.0,2755.0,2795.5,2958886,2018-05-10,130,2018
342,2793.5,2799.5,2765.5,2765.5,2852617,2018-05-11,131,2018
343,2755.5,2774.5,2735.5,2765.0,2392393,2018-05-14,134,2018
344,2778.5,2797.0,2733.0,2745.5,3353632,2018-05-15,135,2018
345,2750.0,2765.5,2714.5,2728.0,2749883,2018-05-16,136,2018
346,2720.0,2771.5,2713.5,2757.5,2131691,2018-05-17,137,2018
347,2761.0,2786.0,2759.5,2772.0,2186637,2018-05-18,138,2018
348,2781.5,2812.0,2774.5,2793.0,1854562,2018-05-21,141,2018
349,2787.5,2810.5,2773.5,2783.5,1981643,2018-05-22,142,2018
350,2778.0,2838.5,2777.0,2817.0,3161383,2018-05-23,143,2018
351,2800.5,2805.0,2761.0,2761.0,3145763,2018-05-24,144,2018
352,2757.0,2773.5,2738.5,2755.0,2395810,2018-05-25,145,2018
353,2744.5,2753.5,2683.5,2686.0,3246646,2018-05-29,149,2018
354,2685.5,2697.0,2669.5,2694.5,2852804,2018-05-30,150,2018
355,2693.5,2721.5,2671.5,2710.0,4844243,2018-05-31,151,2018
356,2715.5,2734.5,2707.5,2712.0,1905453,2018-06-01,152,2018
357,2714.5,2732.0,2691.5,2708.0,1874714,2018-06-04,155,2018
358,2706.0,2716.5,2677.0,2683.5,1848225,2018-06-05,156,2018
359,2681.5,2689.5,2613.5,2632.0,3287086,2018-06-06,157,2018
360,2635.0,2659.0,2604.5,2604.5,3576151,2018-06-07,158,2018
361,2570.5,2597.5,2561.5,2584.5,7130563,2018-06-08,159,2018
362,2597.5,2627.5,2591.0,2611.0,3350989,2018-06-11,162,2018
363,2626.5,2627.0,2560.0,2590.0,4009472,2018-06-12,163,2018
364,2591.5,2627.0,2582.0,2590.5,1998951,2018-06-13,164,2018
365,2578.0,2625.0,2563.5,2608.0,5573264,2018-06-14,165,2018
366,2614.0,2657.0,2607.5,2626.0,5960022,2018-06-15,166,2018
367,2632.0,2642.0,2586.5,2595.5,1518233,2018-06-18,169,2018
368,2580.5,2642.5,2573.5,2621.0,3988139,2018-06-19,170,2018
369,2656.5,2720.0,2654.0,2705.0,3422682,2018-06-20,171,2018
370,2712.0,2722.5,2671.0,2674.0,2197665,2018-06-21,172,2018
371,2672.0,2731.5,2666.0,2728.0,3894336,2018-06-22,173,2018
372,2721.0,2721.0,2692.5,2713.0,2162934,2018-06-25,176,2018
373,2720.5,2728.0,2704.0,2706.0,2395991,2018-06-26,177,2018
374,2712.0,2744.5,2693.0,2734.0,2859758,2018-06-27,178,2018
375,2721.0,2811.5,2715.5,2811.5,3770018,2018-06-28,179,2018
376,2834.0,2861.0,2811.0,2822.0,4285157,2018-06-29,180,2018
377,2800.5,2832.0,2799.0,2826.0,2433964,2018-07-02,183,2018
378,2850.0,2890.5,2847.5,2874.5,3453055,2018-07-03,184,2018
379,2869.0,2900.0,2838.5,2900.0,2333975,2018-07-04,185,2018
380,2901.0,2912.5,2877.5,2912.5,1888361,2018-07-05,186,2018
381,2916.5,2945.5,2881.5,2890.5,2035793,2018-07-06,187,2018
382,2893.0,2922.5,2865.0,2916.0,1542810,2018-07-09,190,2018
383,2927.5,2927.5,2874.5,2905.0,1737290,2018-07-10,191,2018
384,2881.0,2907.5,2869.0,2883.5,1612184,2018-07-11,192,2018
385,2885.5,2920.5,2876.0,2902.5,1455778,2018-07-12,193,2018
386,2902.5,2928.0,2869.0,2869.0,2473423,2018-07-13,194,2018
387,2866.0,2888.0,2833.5,2840.4099,1588396,2018-07-16,197,2018
388,2847.5,2847.5,2794.0,2815.0,2778444,2018-07-17,198,2018
389,2827.0,2865.0,2811.0,2852.5,2402530,2018-07-18,199,2018
390,2844.0,2910.5,2827.0,2905.5,3284577,2018-07-19,200,2018
391,2894.5,2966.5,2894.5,2916.0,3722151,2018-07-20,201,2018
392,2908.5,2908.5,2861.5,2863.5,1975048,2018-07-23,204,2018
393,2867.0,2891.5,2850.0,2860.5,2488697,2018-07-24,205,2018
394,2862.5,2874.5,2830.0,2835.5,2623275,2018-07-25,206,2018
395,2837.5,2893.0,2829.5,2854.5,2642833,2018-07-26,207,2018
396,2851.5,2856.0,2816.5,2839.5,1923115,2018-07-27,208,2018
397,2826.5,2871.0,2819.0,2866.5,1384904,2018-07-30,211,2018
398,2866.5,2942.0,2866.5,2922.0,3647947,2018-07-31,212,2018
399,2914.5,2918.0,2864.5,2889.5,1710280,2018-08-01,213,2018
400,2887.0,2933.5,2887.0,2908.5,1818722,2018-08-02,214,2018
401,2918.5,2931.5,2892.5,2929.0,1292122,2018-08-03,215,2018
402,2937.0,2937.0,2902.0,2921.0,1669007,2018-08-06,218,2018
403,2923.0,2953.0,2917.5,2935.0,1742653,2018-08-07,219,2018
404,2937.5,2982.0,2937.0,2975.0,1806521,2018-08-08,220,2018
405,2974.0,2981.5,2955.5,2974.5,1555595,2018-08-09,221,2018
406,2970.5,2979.5,2939.0,2945.0,1440938,2018-08-10,222,2018
407,2939.5,2966.0,2914.0,2966.0,1935299,2018-08-13,225,2018
408,2932.5,2984.5,2932.0,2969.5,2332599,2018-08-14,226,2018
409,2988.5,2991.0,2932.0,2953.0,2070366,2018-08-15,227,2018
410,2963.5,2991.0,2961.0,2983.5,1181259,2018-08-16,228,2018
411,2982.0,2991.5,2971.0,2987.5,1512549,2018-08-17,229,2018
412,2991.0,2997.0,2964.0,2986.5,1836403,2018-08-20,232,2018
413,2979.5,3009.0,2923.5,2923.5,1959867,2018-08-21,233,2018
414,2921.5,2948.0,2912.5,2923.5,2199564,2018-08-22,234,2018
415,2895.5,2903.0,2844.5,2844.5,3230320,2018-08-23,235,2018
416,2845.0,2851.0,2786.0,2800.0,3330216,2018-08-24,236,2018
417,2844.5,2844.5,2783.0,2789.5,3010278,2018-08-28,240,2018
418,2796.0,2799.5,2755.5,2768.0,1981651,2018-08-29,241,2018
419,2762.5,2767.5,2734.5,2751.5,1828859,2018-08-30,242,2018
420,2747.0,2776.5,2739.0,2744.0,1749968,2018-08-31,243,2018
421,2728.5,2746.0,2699.5,2745.0,1911302,2018-09-03,246,2018
422,2759.0,2760.5,2704.5,2725.0,2195647,2018-09-04,247,2018
423,2719.0,2723.0,2678.5,2692.0,1861432,2018-09-05,248,2018
424,2688.5,2707.0,2683.0,2692.5,1445286,2018-09-06,249,2018
425,2698.0,2700.0,2668.0,2700.0,2334620,2018-09-07,250,2018
426,2704.5,2708.5,2681.5,2698.5,2192731,2018-09-10,253,2018
427,2692.5,2692.5,2601.5,2608.5,3437309,2018-09-11,254,2018
428,2612.0,2732.5,2568.5,2691.5,4526860,2018-09-12,255,2018
429,2690.5,2698.5,2606.0,2624.0,2545816,2018-09-13,256,2018
430,2634.0,2664.5,2606.5,2617.5,3018003,2018-09-14,257,2018
431,2610.0,2643.0,2610.0,2625.5,1831910,2018-09-17,260,2018
432,2619.5,2620.0,2570.5,2579.0,3382214,2018-09-18,261,2018
433,2581.0,2603.0,2547.0,2566.5,2447848,2018-09-19,262,2018
434,2570.0,2599.5,2560.5,2592.5,2329861,2018-09-20,263,2018
435,2619.0,2674.0,2594.0,2658.0,7186970,2018-09-21,264,2018
436,2636.0,2654.0,2603.0,2609.5,1532098,2018-09-24,267,2018
437,2644.5,2667.0,2601.5,2632.0,2584227,2018-09-25,268,2018
438,2628.5,2727.5,2620.5,2674.0,2889486,2018-09-26,269,2018
439,2662.0,2697.5,2639.0,2688.0,1713216,2018-09-27,270,2018
440,2691.5,2705.0,2671.0,2671.0,2478511,2018-09-28,271,2018
441,2668.5,2686.0,2640.0,2640.0,2803102,2018-10-01,274,2018
442,2640.5,2684.5,2635.5,2680.0,2327117,2018-10-02,275,2018
443,2689.0,2709.0,2675.0,2690.5,1850132,2018-10-03,276,2018
444,2674.5,2676.5,2626.0,2646.0,2216550,2018-10-04,277,2018
445,2650.5,2666.0,2629.5,2646.0,1276333,2018-10-05,278,2018
446,2642.0,2660.0,2624.0,2650.5,941531,2018-10-08,281,2018
447,2651.0,2655.5,2626.5,2648.0,1320061,2018-10-09,282,2018
448,2653.5,2695.5,2637.5,2681.5,2348667,2018-10-10,283,2018
449,2657.5,2700.0,2655.0,2678.0,3695562,2018-10-11,284,2018
450,2685.0,2690.0,2491.0,2516.5,6096844,2018-10-12,285,2018
451,2539.5,2588.5,2529.5,2587.0,2266353,2018-10-15,288,2018
452,2593.5,2623.5,2525.5,2541.0,2227808,2018-10-16,289,2018
453,2566.0,2602.0,2535.5,2565.0,2432450,2018-10-17,290,2018
454,2562.5,2590.5,2557.0,2577.0,2039776,2018-10-18,291,2018
455,2583.5,2597.5,2578.5,2589.0,1695150,2018-10-19,292,2018
456,2594.5,2644.0,2578.5,2609.5,2447694,2018-10-22,295,2018
457,2590.0,2706.0,2582.0,2647.5,4367762,2018-10-23,296,2018
458,2678.0,2678.0,2623.5,2645.5,3729266,2018-10-24,297,2018
459,2636.0,2749.0,2628.0,2743.5,3443315,2018-10-25,298,2018
460,2737.5,2765.0,2666.5,2697.5,2152204,2018-10-26,299,2018
461,2694.5,2737.0,2679.0,2687.0,2945581,2018-10-29,302,2018
462,2681.0,2708.0,2660.0,2680.5,2913082,2018-10-30,303,2018
463,2695.5,2701.5,2644.5,2653.0,3527971,2018-10-31,304,2018
464,2647.0,2719.0,2631.0,2689.5,2840685,2018-11-01,305,2018
465,2715.0,2715.0,2596.0,2618.0,3148630,2018-11-02,306,2018
466,2615.5,2660.5,2590.5,2643.5,2160220,2018-11-05,309,2018
467,2700.0,2750.0,2566.5,2648.0,3595045,2018-11-06,310,2018
468,2655.5,2695.0,2648.5,2662.5,2872164,2018-11-07,311,2018
469,2667.5,2701.0,2640.5,2694.0,2359665,2018-11-08,312,2018
470,2685.0,2789.0,2685.0,2750.0,3996681,2018-11-09,313,2018
471,2699.0,2699.0,2613.0,2690.0,3711743,2018-11-12,316,2018
472,2691.0,2728.0,2612.0,2630.0,5110104,2018-11-13,317,2018
473,2647.0,2660.0,2595.5,2606.5,2543582,2018-11-14,318,2018
474,2614.0,2652.5,2583.5,2603.5,2860166,2018-11-15,319,2018
475,2600.0,2670.0,2596.5,2638.5,4280362,2018-11-16,320,2018
476,2650.5,2674.5,2556.0,2560.5,3173821,2018-11-19,323,2018
477,2555.0,2570.0,2532.5,2560.0,3152617,2018-11-20,324,2018
478,2556.5,2581.0,2546.0,2574.5,2544956,2018-11-21,325,2018
479,2532.5,2535.0,2433.5,2456.5,1607028,2018-11-22,326,2018
480,2463.0,2475.5,2451.0,2466.5,1788312,2018-11-23,327,2018
481,2461.0,2481.0,2408.0,2440.0,2182461,2018-11-26,330,2018
482,2436.0,2467.5,2435.5,2450.0,2418598,2018-11-27,331,2018
483,2450.5,2460.0,2413.5,2432.5,4448085,2018-11-28,332,2018
484,2427.5,2452.5,2417.0,2418.0,3338412,2018-11-29,333,2018
485,2411.5,2413.5,2373.5,2410.0,4293608,2018-11-30,334,2018
486,2423.5,2468.5,2394.0,2415.0,2982947,2018-12-03,337,2018
487,2419.0,2433.5,2349.5,2373.0,3838685,2018-12-04,338,2018
488,2358.0,2387.5,2355.0,2372.0,2359948,2018-12-05,339,2018
489,2361.5,2382.0,2337.5,2351.5,3067567,2018-12-06,340,2018
490,2344.5,2386.5,2327.5,2337.5,2668250,2018-12-07,341,2018
491,2335.0,2410.0,2335.0,2377.5,3408253,2018-12-10,344,2018
492,2384.0,2423.0,2366.0,2401.0,2735042,2018-12-11,345,2018
493,2426.0,2464.0,2418.5,2430.0,3295233,2018-12-12,346,2018
494,2436.5,2450.0,2392.0,2422.0,1741116,2018-12-13,347,2018
495,2415.0,2415.0,2349.5,2371.5,1936613,2018-12-14,348,2018
496,2369.5,2379.5,2329.5,2335.0,2033473,2018-12-17,351,2018
497,2338.0,2350.0,2301.0,2314.0,3686301,2018-12-18,352,2018
498,2301.5,2320.0,2239.5,2319.0,6132063,2018-12-19,353,2018
499,2289.5,2354.5,2282.5,2328.0,3132030,2018-12-20,354,2018
500,2325.5,2369.5,2319.5,2369.5,5483707,2018-12-21,355,2018
501,2351.5,2374.0,2280.5,2322.0,987686,2018-12-24,358,2018
502,2322.5,2353.5,2294.5,2310.0,2184165,2018-12-27,361,2018
503,2317.0,2385.0,2309.5,2361.0,1490898,2018-12-28,362,2018
504,2369.0,2399.5,2367.0,2377.0,1253293,2018-12-31,365,2018
505,2437.0,2448.0,2367.5,2382.0,2563029,2019-01-02,2,2019
506,2381.5,2425.0,2381.5,2413.5,3201776,2019-01-03,3,2019
507,2429.0,2452.5,2400.0,2452.5,1853140,2019-01-04,4,2019
508,2444.5,2455.5,2315.5,2330.0,3211002,2019-01-07,7,2019
509,2328.0,2362.5,2328.0,2347.0,3046962,2019-01-08,8,2019
510,2390.0,2436.5,2382.0,2407.0,2629349,2019-01-09,9,2019
511,2388.0,2423.0,2376.0,2419.5,1624387,2019-01-10,10,2019
512,2421.0,2461.0,2394.0,2434.0,2077862,2019-01-11,11,2019
513,2425.5,2435.0,2392.5,2400.0,1716589,2019-01-14,14,2019
514,2406.5,2430.0,2390.0,2422.5,1871482,2019-01-15,15,2019
515,2423.5,2431.5,2381.5,2393.5,3003904,2019-01-16,16,2019
516,2378.5,2404.5,2370.0,2399.0,935227,2019-01-17,17,2019
517,2414.0,2497.5,2412.5,2482.5,2221098,2019-01-18,18,2019
518,2492.5,2514.0,2483.0,2487.0,1522195,2019-01-21,21,2019
519,2478.0,2497.5,2463.0,2469.0,2565924,2019-01-22,22,2019
520,2465.5,2474.0,2449.5,2459.5,2512484,2019-01-23,23,2019
521,2455.0,2462.5,2423.5,2432.5,1597459,2019-01-24,24,2019
522,2430.5,2443.0,2407.0,2420.0,1510958,2019-01-25,25,2019
523,2409.0,2416.0,2335.0,2361.5,2230198,2019-01-28,28,2019
524,2389.5,2453.0,2360.5,2411.5,2954322,2019-01-29,29,2019
525,2415.5,2499.0,2415.5,2489.5,2525174,2019-01-30,30,2019
526,2503.5,2526.0,2461.5,2525.0,2860192,2019-01-31,31,2019
527,2534.5,2580.0,2524.5,2559.0,1760631,2019-02-01,32,2019
528,2546.5,2565.0,2498.0,2505.5,1822523,2019-02-04,35,2019
529,2522.5,2584.5,2511.5,2568.0,2511833,2019-02-05,36,2019
530,2552.5,2577.5,2531.0,2535.5,1498844,2019-02-06,37,2019
531,2536.0,2580.5,2536.0,2565.5,1678803,2019-02-07,38,2019
532,2561.5,2574.5,2528.0,2537.5,1767710,2019-02-08,39,2019
533,2547.0,2586.0,2547.0,2576.5,1839699,2019-02-11,42,2019
534,2582.5,2612.0,2545.0,2578.5,1750045,2019-02-12,43,2019
535,2590.0,2630.5,2586.0,2625.5,1574822,2019-02-13,44,2019
536,2633.5,2654.5,2623.0,2633.5,2422522,2019-02-14,45,2019
537,2619.0,2675.5,2619.0,2651.5,3129589,2019-02-15,46,2019
538,2646.0,2657.0,2629.0,2640.0,1377392,2019-02-18,49,2019
539,2634.5,2645.5,2615.0,2631.0,2080336,2019-02-19,50,2019
540,2628.0,2713.5,2621.0,2713.5,3607005,2019-02-20,51,2019
541,2650.0,2650.0,2588.5,2601.0,2135648,2019-02-21,52,2019
542,2608.0,2628.0,2590.0,2604.0,2927929,2019-02-22,53,2019
543,2603.0,2617.5,2588.5,2600.0,2682951,2019-02-25,56,2019
544,2583.5,2595.0,2537.5,2558.0,2198542,2019-02-26,57,2019
545,2551.5,2563.0,2522.5,2532.0,2358553,2019-02-27,58,2019
546,2516.0,2531.5,2461.0,2510.5,2577949,2019-02-28,59,2019
547,2524.0,2533.0,2507.0,2531.0,2190741,2019-03-01,60,2019
548,2529.5,2575.0,2522.0,2560.0,1319839,2019-03-04,63,2019
549,2581.5,2590.0,2553.5,2576.5,1808668,2019-03-05,64,2019
550,2614.5,2651.0,2597.5,2612.5,2336720,2019-03-06,65,2019
551,2607.0,2648.0,2607.0,2637.0,1588610,2019-03-07,66,2019
552,2629.5,2641.5,2608.0,2616.0,1266706,2019-03-08,67,2019
553,2630.0,2657.5,2616.5,2632.0,1503675,2019-03-11,70,2019
554,2633.5,2642.5,2593.0,2630.5,1628318,2019-03-12,71,2019
555,2621.0,2638.5,2570.0,2583.5,2068938,2019-03-13,72,2019
556,2582.0,2614.0,2566.0,2571.0,2604339,2019-03-14,73,2019
557,2572.0,2613.0,2571.0,2604.5,3642675,2019-03-15,74,2019
558,2604.5,2649.0,2595.5,2639.5,1268684,2019-03-18,77,2019
559,2634.0,2673.0,2634.0,2648.5,1679433,2019-03-19,78,2019
560,2640.0,2648.0,2585.5,2613.0,2128694,2019-03-20,79,2019
561,2628.5,2648.0,2612.0,2623.0,2045956,2019-03-21,80,2019
562,2617.5,2631.0,2585.0,2588.5,1833018,2019-03-22,81,2019
563,2583.5,2585.0,2525.0,2558.5,1546200,2019-03-25,84,2019
564,2553.0,2586.5,2546.0,2573.5,1947640,2019-03-26,85,2019
565,2560.0,2576.0,2532.5,2560.0,2849457,2019-03-27,86,2019
566,2611.0,2641.5,2586.5,2619.0,2642462,2019-03-28,87,2019
567,2637.0,2646.0,2618.0,2624.5,2941657,2019-03-29,88,2019
568,2648.5,2651.0,2585.0,2612.5,2270206,2019-04-01,91,2019
569,2625.0,2646.5,2612.0,2628.0,1737624,2019-04-02,92,2019
570,2618.5,2618.5,2511.0,2519.5,3164550,2019-04-03,93,2019
571,2505.5,2572.5,2447.5,2552.0,4031675,2019-04-04,94,2019
572,2558.5,2574.5,2540.5,2566.0,1584293,2019-04-05,95,2019
573,2557.5,2569.5,2550.5,2554.0,1509150,2019-04-08,98,2019
574,2554.0,2562.5,2512.0,2543.0,2370569,2019-04-09,99,2019
575,2546.5,2550.5,2522.5,2547.5,1699221,2019-04-10,100,2019
576,2553.0,2553.0,2509.5,2516.0,1670293,2019-04-11,101,2019
577,2508.5,2518.5,2490.5,2506.5,1486958,2019-04-12,102,2019
578,2504.5,2526.0,2502.5,2515.0,1589422,2019-04-15,105,2019
579,2527.0,2527.0,2490.5,2503.0,1585004,2019-04-16,106,2019
580,2505.5,2510.5,2487.0,2510.5,1912844,2019-04-17,107,2019
581,2521.0,2553.0,2462.0,2491.0,1905487,2019-04-18,108,2019
582,2490.5,2496.0,2466.0,2478.5,1497133,2019-04-23,113,2019
583,2479.5,2485.5,2434.5,2448.0,2073474,2019-04-24,114,2019
584,2451.0,2457.5,2369.0,2413.5,3688877,2019-04-25,115,2019
585,2412.5,2430.5,2392.0,2423.5,2866923,2019-04-26,116,2019
586,2424.0,2441.5,2410.5,2428.0,927362,2019-04-29,119,2019
587,2429.0,2450.0,2405.0,2436.0,1784487,2019-04-30,120,2019
588,2455.0,2463.5,2388.0,2410.0,842895,2019-05-01,121,2019
589,2385.5,2399.5,2352.5,2358.5,2336638,2019-05-02,122,2019
590,2359.0,2361.5,2337.5,2350.5,2141296,2019-05-03,123,2019
591,2317.0,2352.5,2308.5,2327.5,2437796,2019-05-07,127,2019
592,2300.0,2326.0,2158.5,2180.5,7100742,2019-05-08,128,2019
593,2181.0,2227.5,2155.5,2227.5,4791916,2019-05-09,129,2019
594,2237.0,2240.0,2164.5,2164.5,3601980,2019-05-10,130,2019
595,2170.0,2182.0,2158.0,2171.5,2591536,2019-05-13,133,2019
596,2171.0,2171.5,2143.5,2146.5,3401370,2019-05-14,134,2019
597,2155.5,2156.0,2127.0,2129.0,2421381,2019-05-15,135,2019
598,2135.0,2140.0,2095.0,2130.0,3317615,2019-05-16,136,2019
599,2112.5,2162.0,2112.5,2162.0,3956696,2019-05-17,137,2019
600,2163.5,2188.0,2154.0,2187.5,3546272,2019-05-20,140,2019
601,2190.0,2210.5,2142.0,2143.5,4235665,2019-05-21,141,2019
602,2150.5,2162.0,2083.0,2100.0,2896103,2019-05-22,142,2019
603,2062.5,2076.5,2037.0,2062.0,3020212,2019-05-23,143,2019
604,2064.0,2074.5,2043.5,2049.0,3071631,2019-05-24,144,2019
605,2059.0,2070.0,1999.8,1999.8,4428917,2019-05-28,148,2019
606,1988.4,1990.4,1940.4,1957.8,6434752,2019-05-29,149,2019
607,1980.2,1990.0,1947.6,1949.4,3524194,2019-05-30,150,2019
608,1934.6,1940.0,1915.0,1915.0,3941601,2019-05-31,151,2019
609,1903.2,1907.4,1861.4,1871.0,4559149,2019-06-03,154,2019
610,1861.0,1943.2,1861.0,1938.0,4748053,2019-06-04,155,2019
611,1945.0,1980.0,1940.8,1961.0,4160501,2019-06-05,156,2019
612,1962.8,2087.5,1960.6,2073.0,5993828,2019-06-06,157,2019
613,2079.5,2089.0,2041.0,2073.0,4519885,2019-06-07,158,2019
614,2089.0,2094.5,2031.5,2040.5,3045965,2019-06-10,161,2019
615,2042.5,2060.5,2006.5,2057.5,5196034,2019-06-11,162,2019
616,2050.5,2054.5,2011.5,2023.5,3105939,2019-06-12,163,2019
617,2021.0,2040.5,2010.0,2012.0,2099471,2019-06-13,164,2019
618,2012.0,2016.5,1976.0,1976.6,2410667,2019-06-14,165,2019
619,1973.8,1977.2,1937.0,1951.4,3038380,2019-06-17,168,2019
620,1956.0,1979.4,1903.0,1903.0,5016950,2019-06-18,169,2019
621,1909.8,1910.4,1854.4,1893.0,5025730,2019-06-19,170,2019
622,1893.0,1902.4,1865.2,1869.2,2581932,2019-06-20,171,2019
623,1874.8,1891.4,1850.0,1870.0,6294060,2019-06-21,172,2019
624,1866.2,1877.0,1846.8,1852.8,2742400,2019-06-24,175,2019
625,1836.6,1878.6,1821.4,1865.2,5754315,2019-06-25,176,2019
626,1859.0,1887.6,1846.0,1882.8,4853563,2019-06-26,177,2019
627,1885.8,1899.6,1876.8,1889.8,2421839,2019-06-27,178,2019
628,1894.6,1899.8,1831.0,1846.8,3470709,2019-06-28,179,2019
629,1867.6,1897.4,1857.0,1888.4,2874422,2019-07-01,182,2019
630,1889.4,1943.2,1849.2,1937.0,3659970,2019-07-02,183,2019
631,1954.8,1987.2,1953.2,1984.0,3142943,2019-07-03,184,2019
632,1995.2,1999.0,1955.0,1957.0,1506031,2019-07-04,185,2019
633,1959.2,1998.0,1959.2,1960.8,2112834,2019-07-05,186,2019
634,1987.0,2024.0,1983.0,2004.0,2921109,2019-07-08,189,2019
635,2001.0,2004.0,1973.2,1981.0,2431707,2019-07-09,190,2019
636,1972.2,2020.5,1961.0,2015.0,2542377,2019-07-10,191,2019
637,2013.5,2030.0,1996.0,2024.5,2731295,2019-07-11,192,2019
638,2031.0,2037.5,2010.5,2032.5,2855842,2019-07-12,193,2019
639,2029.0,2034.0,1996.8,2030.0,3696231,2019-07-15,196,2019
640,2022.0,2052.0,2014.0,2051.0,2109844,2019-07-16,197,2019
641,2060.0,2107.0,2060.0,2096.5,3737055,2019-07-17,198,2019
642,2099.0,2200.0,2096.0,2142.5,3722437,2019-07-18,199,2019
643,2158.0,2168.0,2132.0,2145.0,2014005,2019-07-19,200,2019
644,2149.0,2153.0,2110.5,2128.0,2568890,2019-07-22,203,2019
645,2131.5,2159.5,2115.0,2122.0,3845371,2019-07-23,204,2019
646,2122.5,2139.0,2099.0,2135.5,2720557,2019-07-24,205,2019
647,2150.5,2156.0,2124.0,2143.5,2274104,2019-07-25,206,2019
648,2144.0,2153.5,2132.0,2140.0,2369990,2019-07-26,207,2019
649,2139.0,2199.0,2136.0,2190.5,1784551,2019-07-29,210,2019
650,2185.0,2195.5,2093.0,2093.0,3988632,2019-07-30,211,2019
651,2090.0,2108.27,2069.0,2095.0,2767821,2019-07-31,212,2019
652,2095.0,2167.0,2080.0,2149.5,2337015,2019-08-01,213,2019
653,2115.5,2154.0,2100.95,2136.0,1962596,2019-08-02,214,2019
654,2112.0,2130.0,2068.0,2069.0,1858632,2019-08-05,217,2019
655,2064.0,2072.5,2033.5,2046.5,1908040,2019-08-06,218,2019
656,2041.0,2064.0,2029.5,2064.0,1312134,2019-08-07,219,2019
657,2096.0,2125.0,2068.0,2115.0,1817448,2019-08-08,220,2019
658,2115.0,2121.26,2097.0,2104.5,2389223,2019-08-09,221,2019
659,2110.5,2113.5,2083.5,2083.5,1385327,2019-08-12,224,2019
660,2080.0,2109.0701,2066.5,2099.5,2267775,2019-08-13,225,2019
661,2108.5,2115.5,2075.0,2089.0,1655801,2019-08-14,226,2019
662,2093.5,2148.0,2083.0,2088.0,1437266,2019-08-15,227,2019
663,2102.5,2125.5,2069.0,2089.0,1500929,2019-08-16,228,2019
664,2101.0,2119.0,2098.0,2111.5,967490,2019-08-19,231,2019
665,2102.0,2133.5,2081.5,2081.5,2300744,2019-08-20,232,2019
666,2080.5,2119.5,2078.0,2103.0,1990460,2019-08-21,233,2019
667,2078.0,2078.0,2036.24,2048.5,1768689,2019-08-22,234,2019
668,2054.0,2102.78,2051.1799,2055.0,1614854,2019-08-23,235,2019
669,2056.0,2095.5,1987.2,2061.5,3618938,2019-08-27,239,2019
670,2028.5,2062.5,2003.0,2061.0,2837546,2019-08-28,240,2019
671,2056.0,2110.5,2049.5801,2097.0,2622591,2019-08-29,241,2019
672,2108.5,2132.5,2070.3,2124.5,2611550,2019-08-30,242,2019
673,2144.0,2171.0,2134.0,2146.0,1892399,2019-09-02,245,2019
674,2143.5,2156.5,2137.0,2153.0,1103267,2019-09-03,246,2019
675,2179.0,2180.0,2140.5,2147.0,1950304,2019-09-04,247,2019
676,2158.0,2162.0,2129.8,2142.5,1157539,2019-09-05,248,2019
677,2141.0,2144.0,2110.0,2135.0,1621076,2019-09-06,249,2019
678,2138.0,2157.5,2121.0,2136.0,2780371,2019-09-09,252,2019
679,2142.5,2176.5,2100.0,2172.0,2346712,2019-09-10,253,2019
680,2184.0,2226.22,2175.0,2213.0,2757930,2019-09-11,254,2019
681,2220.0,2256.0,2185.0,2201.5,2408406,2019-09-12,255,2019
682,2190.5,2195.5,2149.5,2168.4199,1224959,2019-09-13,256,2019
683,2161.0,2166.0,2144.5,2157.5,1207677,2019-09-16,259,2019
684,2155.0,2164.0,2127.0,2144.5,1915457,2019-09-17,260,2019
685,2145.0,2163.5,2130.0,2156.0,1846770,2019-09-18,261,2019
686,2149.5,2184.0,2136.0,2184.0,2366552,2019-09-19,262,2019
687,2171.5,2178.0,2138.5,2138.5,4273294,2019-09-20,263,2019
688,2140.0,2145.0,2083.5,2094.0,4255884,2019-09-23,266,2019
689,2102.0,2110.5,2017.0,2020.0,2411248,2019-09-24,267,2019
690,2016.5,2075.0,2007.5,2065.5,2326012,2019-09-25,268,2019
691,1925.0,1929.2,1786.8,1798.2,10088596,2019-09-26,269,2019
692,1790.8,1802.0,1736.2,1774.6,7515091,2019-09-27,270,2019
693,1773.4,1844.6,1751.0,1828.2,7376387,2019-09-30,273,2019
694,1840.0,1871.2,1822.4,1860.0,7090644,2019-10-01,274,2019
695,1857.8,1868.0,1830.0,1830.0,4794421,2019-10-02,275,2019
696,1859.4,1874.2,1816.2,1840.0,6351119,2019-10-03,276,2019
697,1842.4,1848.0,1803.2,1820.6,2686204,2019-10-04,277,2019
698,1818.0,1838.4,1813.4,1830.4,4026061,2019-10-07,280,2019
699,1828.6,1868.6,1816.0,1841.4,3498197,2019-10-08,281,2019
700,1844.0,1883.6,1823.8,1852.2,2535066,2019-10-09,282,2019
701,1860.0,1894.8,1839.4,1872.6,2286355,2019-10-10,283,2019
702,1869.6,1869.6,1831.0,1853.4,2574185,2019-10-11,284,2019
703,1848.6,1869.6,1828.0,1841.0,1575974,2019-10-14,287,2019
704,1849.4,1870.4,1827.17,1849.6,2452361,2019-10-15,288,2019
705,1840.8,1856.4,1830.0,1842.4,1742100,2019-10-16,289,2019
706,1845.0,1860.0,1833.8,1838.0,2285880,2019-10-17,290,2019
707,1841.8,1882.0,1823.4,1863.0,1922415,2019-10-18,291,2019
708,1866.4,1881.8,1857.2,1867.4,1367880,2019-10-21,294,2019
709,1868.2,1872.2,1834.2,1850.8,2342431,2019-10-22,295,2019
710,1852.0,1880.0,1842.2,1853.6,2682801,2019-10-23,296,2019
711,1847.0,1896.92,1847.0,1861.8,2221135,2019-10-24,297,2019
712,1856.8,1863.0,1820.0,1820.0,2256047,2019-10-25,298,2019
713,1809.0,1860.4,1770.8,1779.6,3343119,2019-10-28,301,2019
714,1778.6,1778.6,1740.4,1758.6,2589986,2019-10-29,302,2019
715,1754.0,1754.41,1727.4,1750.6,2713646,2019-10-30,303,2019
716,1752.2,1762.4,1690.8,1692.4,3993864,2019-10-31,304,2019
717,1694.6,1714.4,1685.6,1697.4,3466174,2019-11-01,305,2019
718,1699.0,1748.4,1670.0,1738.4,3598960,2019-11-04,308,2019
719,1710.0,1776.8,1692.0,1749.2,3982687,2019-11-05,309,2019
720,1732.2,1802.2,1731.92,1791.0,4513215,2019-11-06,310,2019
721,1783.2,1801.2,1734.2,1771.0,3971757,2019-11-07,311,2019
722,1760.0,1803.4,1758.2,1774.0,3540513,2019-11-08,312,2019
723,1786.4,1806.0,1749.4,1794.8,3523015,2019-11-11,315,2019
724,1798.0,1819.0,1780.4,1791.8,3444908,2019-11-12,316,2019
725,1794.6,1795.8,1757.0,1762.2,2407773,2019-11-13,317,2019
726,1761.8,1773.02,1749.4,1758.2,2763673,2019-11-14,318,2019
727,1779.8,1779.8,1714.2,1732.4,2541405,2019-11-15,319,2019
728,1730.0,1784.03,1730.0,1752.6,2062317,2019-11-18,322,2019
729,1761.4,1799.0,1748.8,1775.0,3152361,2019-11-19,323,2019
730,1770.2,1773.79,1739.8,1761.0,13162814,2019-11-20,324,2019
731,1737.8,1756.4,1688.0,1709.2,6262244,2019-11-21,325,2019
732,1708.2,1733.6,1685.2,1690.0,2896964,2019-11-22,326,2019
733,1690.0,1704.6,1655.0,1669.6,3439081,2019-11-25,329,2019
734,1678.8,1678.8,1658.4,1669.4,4205596,2019-11-26,330,2019
735,1678.4,1724.6,1658.6,1713.4,4010469,2019-11-27,331,2019
736,1704.8,1714.0,1694.3,1714.0,4084889,2019-11-28,332,2019
737,1714.0,1725.0,1697.6,1703.2,2340538,2019-11-29,333,2019
738,1711.8,1751.6,1704.0,1723.0,2696333,2019-12-02,336,2019
739,1726.2,1732.8,1696.0,1705.0,3225654,2019-12-03,337,2019
740,1700.2,1721.4,1698.2,1707.0,1813769,2019-12-04,338,2019
741,1703.6,1711.2,1687.2,1688.8,2455242,2019-12-05,339,2019
742,1689.8,1714.26,1685.4,1713.4,1525574,2019-12-06,340,2019
743,1710.8,1723.0,1689.87,1695.2,3517769,2019-12-09,343,2019
744,1697.6,1699.2,1663.0,1675.8,2382220,2019-12-10,344,2019
745,1671.4,1677.0,1636.58,1668.2,4799888,2019-12-11,345,2019
746,1653.6,1693.24,1650.0,1684.0,2528047,2019-12-12,346,2019
747,1680.4,1777.0,1649.4,1765.2,5064975,2019-12-13,347,2019
748,1786.6,1815.2,1755.0,1804.8,5183606,2019-12-16,350,2019
749,1763.8,1813.0,1761.8,1774.2,4073694,2019-12-17,351,2019
750,1772.2,1817.0,1769.0,1817.0,3569392,2019-12-18,352,2019
751,1820.0,1842.6,1805.6,1825.8,5813345,2019-12-19,353,2019
752,1826.0,1863.2,1817.2,1849.0,12004783,2019-12-20,354,2019
753,1850.0,1862.0,1832.2,1858.2,3656672,2019-12-23,357,2019
754,1860.8,1868.6,1849.4,1860.8,546136,2019-12-24,358,2019
755,1861.0,1872.8199,1854.74,1859.6,943227,2019-12-27,361,2019
756,1869.4,1875.0,1851.8,1867.0,2971919,2019-12-30,364,2019
757,1867.6,1886.0,1858.8,1869.0,1105880,2019-12-31,365,2019
758,1888.0,1888.0,1869.6,1876.0,1832677,2020-01-02,2,2020
759,1889.6,1929.4,1880.0,1922.2,3576948,2020-01-03,3,2020
760,1919.8,1929.8,1898.73,1911.0,1816822,2020-01-06,6,2020
761,1928.6,1972.6,1927.0,1947.2,2470057,2020-01-07,7,2020
762,1948.0,1970.4,1927.4,1970.4,3050545,2020-01-08,8,2020
763,1975.0,1998.4,1964.6,1965.4,2435874,2020-01-09,9,2020
764,1990.4,2000.5,1960.0,1960.0,2644867,2020-01-10,10,2020
765,1978.0,1999.8,1958.0,1972.4,1631438,2020-01-13,13,2020
766,1979.8,1995.8,1968.8,1988.8,2321741,2020-01-14,14,2020
767,1992.6,2025.0,1982.6,2025.0,2153425,2020-01-15,15,2020
768,2024.5,2033.5,2007.0,2033.5,1909781,2020-01-16,16,2020
769,2036.0,2072.0,2026.0,2045.5,3490577,2020-01-17,17,2020
770,2048.0,2057.5,2020.8101,2038.5,1582060,2020-01-20,20,2020
771,2034.0,2044.47,1985.0,1985.0,1994387,2020-01-21,21,2020
772,1992.4,2000.5,1947.87,1952.6,3050861,2020-01-22,22,2020
773,1947.2,1961.47,1925.8,1935.0,2914696,2020-01-23,23,2020
774,1940.8,1966.4,1936.6,1959.0,1865313,2020-01-24,24,2020
775,1945.2,1948.2,1905.4,1924.2,1560658,2020-01-27,27,2020
776,1926.4,1950.15,1914.0,1933.8,2188853,2020-01-28,28,2020
777,1938.0,1955.6,1921.2,1949.4,1342855,2020-01-29,29,2020
778,1934.2,1970.9,1923.0,1923.0,2556360,2020-01-30,30,2020
779,1931.6,1952.2,1913.4,1950.8,1901964,2020-01-31,31,2020
780,1960.0,1977.87,1937.29,1941.0,2667178,2020-02-03,34,2020
781,1950.8,1969.87,1933.0,1953.2,1974143,2020-02-04,35,2020
782,1876.8,1876.8,1740.6,1821.6,9772966,2020-02-05,36,2020
783,1815.8,1853.6,1795.4,1847.4,3728560,2020-02-06,37,2020
784,1858.0,1866.2,1808.37,1832.2,2297465,2020-02-07,38,2020
785,1827.6,1848.2,1813.6,1847.2,1431069,2020-02-10,41,2020
786,1852.2,1886.2,1848.2,1878.8,2334102,2020-02-11,42,2020
787,1882.6,1889.2,1808.37,1839.0,2238340,2020-02-12,43,2020
788,1838.0,1860.2,1835.2,1855.4,2205438,2020-02-13,44,2020
789,1855.4,1858.6,1825.0,1825.0,2224156,2020-02-14,45,2020
790,1830.0,1840.2,1786.0,1798.6,2684735,2020-02-17,48,2020
791,1782.0,1813.8,1771.8,1803.2,2141675,2020-02-18,49,2020
792,1809.8,1850.6,1797.4,1844.0,2594833,2020-02-19,50,2020
793,1773.6,1779.4,1709.0,1709.0,7913932,2020-02-20,51,2020
794,1715.2,1787.01,1704.8,1729.0,4907169,2020-02-21,52,2020
795,1721.2,1721.4,1679.8,1701.4,2445300,2020-02-24,55,2020
796,1700.8,1723.63,1688.4,1696.0,3020657,2020-02-25,56,2020
797,1662.4,1696.0,1654.4,1690.0,2838742,2020-02-26,57,2020
798,1685.0,1739.79,1624.4,1646.2,3576247,2020-02-27,58,2020
799,1614.2,1646.2,1527.4,1554.8,9474226,2020-02-28,59,2020
800,1590.0,1623.01,1528.8,1563.0,5592024,2020-03-02,62,2020
801,1587.2,1613.0,1575.21,1583.8,3506688,2020-03-03,63,2020
802,1591.4,1643.8,1580.0,1643.8,2896837,2020-03-04,64,2020
803,1651.4,1658.2,1627.0,1658.0,4383199,2020-03-05,65,2020
804,1630.4,1650.0,1620.2,1641.8,3377174,2020-03-06,66,2020
805,1575.0,1633.2,1541.4,1556.4,4549350,2020-03-09,69,2020
806,1566.2,1589.4,1481.8,1496.2,4151216,2020-03-10,70,2020
807,1512.8,1548.0,1450.8,1454.6,3801697,2020-03-11,71,2020
808,1394.2,1446.8,1290.8,1351.0,6137801,2020-03-12,72,2020
809,1391.4,1475.05,1351.8,1461.4,1714843,2020-03-13,73,2020
